-- phpMyAdmin SQL Dump
-- version 5.2.1
-- https://www.phpmyadmin.net/
--
-- Host: 127.0.0.1:3306
-- Generation Time: Dec 10, 2025 at 02:23 PM
-- Server version: 9.1.0
-- PHP Version: 8.3.14

SET SQL_MODE = "NO_AUTO_VALUE_ON_ZERO";
START TRANSACTION;
SET time_zone = "+00:00";


/*!40101 SET @OLD_CHARACTER_SET_CLIENT=@@CHARACTER_SET_CLIENT */;
/*!40101 SET @OLD_CHARACTER_SET_RESULTS=@@CHARACTER_SET_RESULTS */;
/*!40101 SET @OLD_COLLATION_CONNECTION=@@COLLATION_CONNECTION */;
/*!40101 SET NAMES utf8mb4 */;

--
-- Database: `laravel_clinic`
--

-- --------------------------------------------------------

--
-- Table structure for table `admins`
--

DROP TABLE IF EXISTS `admins`;
CREATE TABLE IF NOT EXISTS `admins` (
  `id` bigint UNSIGNED NOT NULL AUTO_INCREMENT,
  `name` varchar(191) COLLATE utf8mb4_unicode_ci NOT NULL,
  `email` varchar(191) COLLATE utf8mb4_unicode_ci NOT NULL,
  `password` varchar(191) COLLATE utf8mb4_unicode_ci NOT NULL,
  `created_at` timestamp NULL DEFAULT NULL,
  `updated_at` timestamp NULL DEFAULT NULL,
  `status` varchar(191) COLLATE utf8mb4_unicode_ci NOT NULL DEFAULT 'Pending',
  `verification_token` varchar(191) COLLATE utf8mb4_unicode_ci DEFAULT NULL,
  `email_verified_at` timestamp NULL DEFAULT NULL,
  PRIMARY KEY (`id`),
  UNIQUE KEY `admins_email_unique` (`email`)
) ENGINE=MyISAM DEFAULT CHARSET=utf8mb4 COLLATE=utf8mb4_unicode_ci;

-- --------------------------------------------------------

--
-- Table structure for table `appointments`
--

DROP TABLE IF EXISTS `appointments`;
CREATE TABLE IF NOT EXISTS `appointments` (
  `id` bigint UNSIGNED NOT NULL AUTO_INCREMENT,
  `patient_id` bigint UNSIGNED NOT NULL,
  `family_member_id` bigint UNSIGNED DEFAULT NULL,
  `doctor_id` bigint UNSIGNED NOT NULL,
  `appointment_date` date NOT NULL,
  `appointment_time` time NOT NULL,
  `appointment_type` varchar(191) COLLATE utf8mb4_unicode_ci DEFAULT NULL,
  `appointment_mode` varchar(191) COLLATE utf8mb4_unicode_ci DEFAULT NULL,
  `wizard_step2_data` text COLLATE utf8mb4_unicode_ci,
  `reason` text COLLATE utf8mb4_unicode_ci,
  `symptoms` text COLLATE utf8mb4_unicode_ci,
  `medications` text COLLATE utf8mb4_unicode_ci,
  `allergies` varchar(191) COLLATE utf8mb4_unicode_ci DEFAULT NULL,
  `work_notes` varchar(191) COLLATE utf8mb4_unicode_ci DEFAULT NULL,
  `alt_phone` varchar(191) COLLATE utf8mb4_unicode_ci DEFAULT NULL,
  `images` json DEFAULT NULL,
  `medical_history` varchar(191) COLLATE utf8mb4_unicode_ci DEFAULT NULL,
  `notes` text COLLATE utf8mb4_unicode_ci,
  `priority` enum('normal','urgent') COLLATE utf8mb4_unicode_ci NOT NULL DEFAULT 'normal',
  `status` enum('pending','confirmed','completed','cancelled') COLLATE utf8mb4_unicode_ci NOT NULL DEFAULT 'pending',
  `sent_to_doctor` tinyint(1) NOT NULL DEFAULT '0',
  `created_at` timestamp NULL DEFAULT NULL,
  `updated_at` timestamp NULL DEFAULT NULL,
  PRIMARY KEY (`id`),
  KEY `appointments_patient_id_foreign` (`patient_id`),
  KEY `appointments_doctor_id_foreign` (`doctor_id`),
  KEY `appointments_family_member_id_foreign` (`family_member_id`)
) ENGINE=MyISAM AUTO_INCREMENT=52 DEFAULT CHARSET=utf8mb4 COLLATE=utf8mb4_unicode_ci;

--
-- Dumping data for table `appointments`
--

INSERT INTO `appointments` (`id`, `patient_id`, `family_member_id`, `doctor_id`, `appointment_date`, `appointment_time`, `appointment_type`, `appointment_mode`, `wizard_step2_data`, `reason`, `symptoms`, `medications`, `allergies`, `work_notes`, `alt_phone`, `images`, `medical_history`, `notes`, `priority`, `status`, `sent_to_doctor`, `created_at`, `updated_at`) VALUES
(1, 4, NULL, 4, '2025-10-25', '15:00:00', NULL, NULL, NULL, NULL, 'Fever', NULL, NULL, NULL, NULL, NULL, NULL, NULL, 'normal', 'confirmed', 0, '2025-10-22 03:49:49', '2025-10-22 03:57:24'),
(2, 3, NULL, 4, '2025-10-24', '15:00:00', NULL, NULL, NULL, NULL, 'headache', NULL, NULL, NULL, NULL, NULL, NULL, NULL, 'urgent', 'confirmed', 0, '2025-10-22 03:54:45', '2025-10-22 03:57:40'),
(3, 3, NULL, 4, '2026-02-02', '12:00:00', NULL, NULL, NULL, NULL, 'medical reason', NULL, NULL, NULL, NULL, NULL, NULL, NULL, 'normal', 'cancelled', 0, '2025-10-22 03:59:06', '2025-10-22 04:00:39'),
(4, 3, NULL, 4, '2025-10-26', '14:00:00', NULL, NULL, NULL, NULL, 'Headache', NULL, NULL, NULL, NULL, NULL, NULL, NULL, 'normal', 'confirmed', 0, '2025-10-22 04:01:52', '2025-10-22 04:08:22'),
(5, 4, NULL, 4, '2025-10-25', '09:00:00', NULL, NULL, NULL, NULL, 'no', NULL, NULL, NULL, NULL, NULL, NULL, NULL, 'normal', 'confirmed', 0, '2025-10-22 04:13:45', '2025-10-22 04:13:59'),
(6, 3, NULL, 4, '2025-10-26', '19:00:00', NULL, NULL, NULL, NULL, 'fever', NULL, NULL, NULL, NULL, NULL, NULL, NULL, 'normal', 'confirmed', 1, '2025-10-22 06:55:48', '2025-10-22 11:14:08'),
(7, 3, NULL, 3, '2025-10-26', '07:00:00', NULL, NULL, NULL, NULL, 'headache', NULL, NULL, NULL, NULL, NULL, NULL, NULL, 'normal', 'pending', 1, '2025-10-22 06:59:35', '2025-10-22 07:18:16'),
(8, 3, NULL, 4, '2025-10-29', '16:00:00', NULL, NULL, NULL, NULL, 'Symptoms/Reason for Visit', NULL, NULL, NULL, NULL, NULL, NULL, NULL, 'normal', 'confirmed', 1, '2025-10-22 07:09:54', '2025-10-23 01:55:56'),
(9, 3, NULL, 4, '2025-10-27', '20:00:00', NULL, NULL, NULL, NULL, 'Symptoms/Reason for Visit', NULL, NULL, NULL, NULL, NULL, NULL, NULL, 'normal', 'pending', 1, '2025-10-22 07:11:08', '2025-10-22 07:21:04'),
(10, 3, NULL, 4, '2025-10-29', '09:00:00', NULL, NULL, NULL, NULL, 'nfdhg', NULL, NULL, NULL, NULL, NULL, NULL, NULL, 'normal', 'pending', 1, '2025-10-22 08:02:48', '2025-10-22 08:03:01'),
(11, 3, NULL, 7, '2025-10-29', '09:00:00', NULL, NULL, NULL, NULL, 'vjh', NULL, NULL, NULL, NULL, NULL, NULL, NULL, 'normal', 'confirmed', 1, '2025-10-22 08:18:46', '2025-10-22 08:34:12'),
(12, 4, NULL, 7, '2025-10-29', '17:00:00', NULL, NULL, NULL, NULL, 'bxf', NULL, NULL, NULL, NULL, NULL, NULL, NULL, 'normal', 'confirmed', 1, '2025-10-22 08:23:27', '2025-10-23 03:04:01'),
(13, 4, NULL, 7, '2025-10-28', '16:00:00', NULL, NULL, NULL, NULL, 'headache,fever', NULL, NULL, NULL, NULL, NULL, NULL, NULL, 'normal', 'confirmed', 1, '2025-10-22 08:34:58', '2025-10-23 03:03:16'),
(14, 5, NULL, 7, '2025-10-26', '17:00:00', NULL, NULL, NULL, NULL, 'Medical Reason', NULL, NULL, NULL, NULL, NULL, NULL, NULL, 'normal', 'confirmed', 1, '2025-10-23 01:25:01', '2025-10-23 01:29:40'),
(15, 4, NULL, 7, '2025-11-02', '17:00:00', NULL, NULL, NULL, NULL, 'fever', NULL, NULL, NULL, NULL, NULL, NULL, NULL, 'normal', 'confirmed', 1, '2025-10-23 03:08:06', '2025-10-26 08:59:58'),
(16, 4, NULL, 7, '2025-10-26', '21:00:00', NULL, NULL, NULL, NULL, 'trcg', NULL, NULL, NULL, NULL, NULL, NULL, NULL, 'urgent', 'confirmed', 1, '2025-10-23 03:11:08', '2025-10-23 03:11:59'),
(17, 3, NULL, 7, '2025-10-30', '02:00:00', NULL, NULL, NULL, NULL, 'fever', NULL, NULL, NULL, NULL, NULL, NULL, NULL, 'normal', 'confirmed', 1, '2025-10-23 11:53:22', '2025-10-23 11:54:32'),
(18, 9, NULL, 7, '2025-12-01', '11:00:00', NULL, NULL, NULL, NULL, 'djak', NULL, NULL, NULL, NULL, NULL, NULL, NULL, 'normal', 'confirmed', 1, '2025-10-26 08:43:28', '2025-10-27 01:22:59'),
(19, 2, NULL, 7, '2025-12-02', '14:00:00', NULL, NULL, NULL, NULL, 'hvvvvvy', NULL, NULL, NULL, NULL, NULL, NULL, NULL, 'urgent', 'confirmed', 1, '2025-10-27 01:21:39', '2025-10-27 01:24:16'),
(20, 2, NULL, 7, '2025-10-28', '14:30:00', NULL, NULL, NULL, NULL, 'jkdfhkj', NULL, NULL, NULL, NULL, NULL, NULL, NULL, 'normal', 'confirmed', 1, '2025-10-27 01:25:59', '2025-10-28 02:44:54'),
(21, 3, NULL, 7, '2025-11-29', '14:00:00', NULL, NULL, NULL, NULL, 'rfsr', NULL, NULL, NULL, NULL, NULL, NULL, NULL, 'normal', 'confirmed', 1, '2025-10-28 02:43:37', '2025-10-28 23:10:52'),
(22, 3, NULL, 7, '2025-10-30', '14:00:00', NULL, NULL, NULL, NULL, 'jhsgc', NULL, NULL, NULL, NULL, NULL, NULL, NULL, 'normal', 'pending', 0, '2025-10-28 23:26:21', '2025-10-28 23:26:21'),
(23, 6, NULL, 7, '2025-10-31', '19:00:00', NULL, NULL, NULL, NULL, 'fykuf', NULL, NULL, NULL, NULL, NULL, NULL, NULL, 'normal', 'confirmed', 1, '2025-10-29 01:19:22', '2025-10-29 01:20:55'),
(24, 3, NULL, 3, '2026-02-02', '14:00:00', NULL, 'in-person', NULL, NULL, 'cjcg', NULL, NULL, NULL, NULL, NULL, NULL, NULL, 'normal', 'confirmed', 0, '2025-11-05 03:59:53', '2025-11-05 03:59:53'),
(25, 3, NULL, 7, '2026-04-02', '22:00:00', NULL, 'in-person', NULL, NULL, 'hjhkhj', NULL, NULL, NULL, NULL, NULL, NULL, NULL, 'normal', 'confirmed', 0, '2025-11-05 04:02:23', '2025-11-05 04:02:23'),
(26, 10, NULL, 4, '2026-09-01', '14:32:00', NULL, 'in-person', NULL, NULL, 'kj;lk;k', NULL, NULL, NULL, NULL, NULL, NULL, NULL, 'normal', 'confirmed', 0, '2025-11-05 04:08:05', '2025-11-05 04:08:05'),
(27, 3, NULL, 7, '2026-02-02', '14:00:00', NULL, 'in-person', NULL, NULL, 'dfhgh', NULL, NULL, NULL, NULL, NULL, NULL, NULL, 'normal', 'confirmed', 0, '2025-11-05 04:12:09', '2025-11-05 04:12:09'),
(28, 3, NULL, 4, '2026-02-02', '14:00:00', NULL, 'in-person', NULL, NULL, 'vncvbn', NULL, NULL, NULL, NULL, NULL, NULL, NULL, 'normal', 'confirmed', 0, '2025-11-05 04:12:58', '2025-11-05 04:12:58'),
(29, 3, NULL, 3, '2025-12-12', '17:05:00', NULL, 'in-person', NULL, NULL, 'ttttttttttt', NULL, NULL, NULL, NULL, NULL, NULL, NULL, 'normal', 'confirmed', 0, '2025-11-05 04:31:47', '2025-11-05 04:31:47'),
(30, 11, NULL, 3, '2025-12-12', '14:00:00', NULL, 'in-person', NULL, NULL, 'eeeeeeeee', NULL, NULL, NULL, NULL, NULL, NULL, NULL, 'normal', 'confirmed', 0, '2025-11-05 04:34:20', '2025-11-05 04:34:20'),
(31, 11, NULL, 7, '2025-12-25', '17:00:00', NULL, 'in-person', NULL, NULL, 'kljlkjlk', NULL, NULL, NULL, NULL, NULL, NULL, NULL, 'normal', 'confirmed', 0, '2025-11-06 01:17:34', '2025-11-06 01:17:34'),
(32, 3, NULL, 4, '2026-02-20', '14:02:00', NULL, 'in-person', NULL, NULL, 'eret', NULL, NULL, NULL, NULL, NULL, NULL, NULL, 'normal', 'confirmed', 0, '2025-11-20 10:02:15', '2025-11-20 10:02:15'),
(33, 13, NULL, 4, '2025-11-29', '14:02:00', NULL, 'in-person', NULL, NULL, 'dgdfh', NULL, NULL, NULL, NULL, NULL, NULL, NULL, 'normal', 'confirmed', 0, '2025-11-28 11:21:40', '2025-11-28 11:21:40'),
(34, 13, NULL, 3, '2026-02-02', '14:02:00', NULL, 'in-person', NULL, NULL, 'ghjgh', NULL, NULL, NULL, NULL, NULL, NULL, NULL, 'normal', 'confirmed', 0, '2025-11-28 12:44:34', '2025-11-28 12:44:34'),
(35, 13, 12, 4, '2026-02-02', '14:02:00', NULL, 'in-person', NULL, NULL, 'sdf', NULL, NULL, NULL, NULL, NULL, NULL, NULL, 'normal', 'confirmed', 0, '2025-11-28 12:58:39', '2025-11-28 12:58:39'),
(36, 13, 12, 7, '2025-11-29', '17:02:00', NULL, 'in-person', NULL, NULL, 'CGHFH', NULL, NULL, NULL, NULL, NULL, NULL, NULL, 'normal', 'confirmed', 0, '2025-11-28 13:06:19', '2025-11-28 13:06:19'),
(37, 13, NULL, 3, '2025-12-05', '14:00:00', NULL, 'in-person', NULL, NULL, 'hgf', NULL, NULL, NULL, NULL, NULL, NULL, NULL, 'normal', 'confirmed', 0, '2025-12-03 11:53:12', '2025-12-03 11:53:12'),
(38, 13, NULL, 7, '2025-12-05', '17:00:00', NULL, 'in-person', NULL, NULL, 'edn', NULL, NULL, NULL, NULL, NULL, NULL, NULL, 'normal', 'confirmed', 0, '2025-12-03 12:09:13', '2025-12-03 12:09:13'),
(39, 13, NULL, 7, '2025-12-05', '18:50:00', NULL, 'in-person', NULL, NULL, 'asfdfvd', NULL, NULL, NULL, NULL, NULL, NULL, NULL, 'normal', 'confirmed', 0, '2025-12-03 12:26:38', '2025-12-03 12:26:38'),
(40, 13, NULL, 4, '2025-12-06', '22:00:00', NULL, 'in-person', NULL, NULL, 'dgdh', NULL, NULL, NULL, NULL, NULL, NULL, NULL, 'normal', 'confirmed', 0, '2025-12-03 13:02:29', '2025-12-03 13:02:29'),
(41, 13, NULL, 4, '2025-12-06', '21:09:00', NULL, 'in-person', NULL, NULL, 'bvc', NULL, NULL, NULL, NULL, NULL, NULL, NULL, 'normal', 'confirmed', 0, '2025-12-03 13:14:21', '2025-12-03 13:14:21'),
(42, 13, NULL, 4, '2025-12-06', '12:00:00', NULL, 'in-person', NULL, NULL, 'hg', NULL, NULL, NULL, NULL, NULL, NULL, NULL, 'normal', 'confirmed', 0, '2025-12-03 13:34:10', '2025-12-03 13:34:10'),
(43, 13, NULL, 3, '2025-12-06', '15:00:00', NULL, 'in-person', NULL, NULL, 'fgf', NULL, NULL, NULL, NULL, NULL, NULL, NULL, 'normal', 'confirmed', 0, '2025-12-04 10:00:12', '2025-12-04 10:00:12'),
(44, 13, 13, 4, '2025-12-05', '21:00:00', NULL, 'in-person', '{\"patient_selection\":\"family_13\"}', NULL, 'e', NULL, NULL, NULL, NULL, NULL, NULL, NULL, 'normal', 'confirmed', 0, '2025-12-04 10:54:56', '2025-12-04 10:54:56'),
(45, 13, 12, 4, '2025-12-06', '18:00:00', NULL, 'in-person', '{\"patient_selection\":\"family_12\"}', NULL, 'gr', NULL, NULL, NULL, NULL, NULL, NULL, NULL, 'normal', 'confirmed', 0, '2025-12-04 10:56:28', '2025-12-04 10:56:28'),
(46, 13, 13, 3, '2025-12-06', '10:02:00', NULL, 'in-person', '{\"patient_selection\":\"family_13\"}', NULL, 'k', NULL, NULL, NULL, NULL, NULL, NULL, NULL, 'normal', 'confirmed', 0, '2025-12-05 11:17:22', '2025-12-05 11:17:22'),
(47, 13, 14, 4, '2025-12-06', '16:00:00', NULL, 'in-person', '{\"patient_selection\":\"family_14\"}', NULL, '`ry', NULL, NULL, NULL, NULL, NULL, NULL, NULL, 'normal', 'confirmed', 0, '2025-12-05 11:53:32', '2025-12-05 11:53:32'),
(48, 14, NULL, 7, '2025-12-31', '21:00:00', NULL, 'in-person', '{\"patient_selection\":\"self\"}', NULL, 'a', NULL, NULL, NULL, NULL, NULL, NULL, NULL, 'normal', 'confirmed', 0, '2025-12-08 10:00:35', '2025-12-08 10:00:35'),
(49, 14, 15, 3, '2025-12-31', '18:00:00', NULL, 'in-person', '{\"patient_selection\":\"family_15\"}', NULL, 'q', NULL, NULL, NULL, NULL, NULL, NULL, NULL, 'normal', 'confirmed', 0, '2025-12-08 10:03:35', '2025-12-08 10:03:35'),
(50, 14, 15, 4, '2025-12-31', '14:00:00', NULL, 'in-person', '{\"patient_selection\":\"family_15\"}', NULL, 'hv', NULL, NULL, NULL, NULL, NULL, NULL, NULL, 'normal', 'confirmed', 0, '2025-12-08 11:43:45', '2025-12-08 11:43:45'),
(51, 14, NULL, 3, '2025-12-10', '16:43:00', NULL, 'in-person', '{\"patient_selection\":\"self\"}', NULL, 'kkk', NULL, NULL, NULL, NULL, NULL, NULL, NULL, 'normal', 'confirmed', 0, '2025-12-09 03:42:43', '2025-12-09 03:42:43');

-- --------------------------------------------------------

--
-- Table structure for table `comments`
--

DROP TABLE IF EXISTS `comments`;
CREATE TABLE IF NOT EXISTS `comments` (
  `id` bigint UNSIGNED NOT NULL AUTO_INCREMENT,
  `task_id` bigint UNSIGNED NOT NULL,
  `user_id` bigint UNSIGNED NOT NULL,
  `comment` text COLLATE utf8mb4_unicode_ci NOT NULL,
  `created_at` timestamp NULL DEFAULT NULL,
  `updated_at` timestamp NULL DEFAULT NULL,
  PRIMARY KEY (`id`),
  KEY `comments_task_id_foreign` (`task_id`),
  KEY `comments_user_id_foreign` (`user_id`)
) ENGINE=MyISAM DEFAULT CHARSET=utf8mb4 COLLATE=utf8mb4_unicode_ci;

-- --------------------------------------------------------

--
-- Table structure for table `doctors`
--

DROP TABLE IF EXISTS `doctors`;
CREATE TABLE IF NOT EXISTS `doctors` (
  `id` bigint UNSIGNED NOT NULL AUTO_INCREMENT,
  `name` varchar(191) COLLATE utf8mb4_unicode_ci NOT NULL,
  `specialization` varchar(191) COLLATE utf8mb4_unicode_ci NOT NULL,
  `qualification` varchar(191) COLLATE utf8mb4_unicode_ci NOT NULL,
  `experience_years` int NOT NULL,
  `phone` varchar(191) COLLATE utf8mb4_unicode_ci NOT NULL,
  `email` varchar(191) COLLATE utf8mb4_unicode_ci NOT NULL,
  `bio` text COLLATE utf8mb4_unicode_ci,
  `profile_image` varchar(191) COLLATE utf8mb4_unicode_ci DEFAULT NULL,
  `status` enum('active','inactive') COLLATE utf8mb4_unicode_ci NOT NULL DEFAULT 'active',
  `created_at` timestamp NULL DEFAULT NULL,
  `updated_at` timestamp NULL DEFAULT NULL,
  PRIMARY KEY (`id`),
  UNIQUE KEY `doctors_email_unique` (`email`)
) ENGINE=MyISAM DEFAULT CHARSET=utf8mb4 COLLATE=utf8mb4_unicode_ci;

-- --------------------------------------------------------

--
-- Table structure for table `failed_jobs`
--

DROP TABLE IF EXISTS `failed_jobs`;
CREATE TABLE IF NOT EXISTS `failed_jobs` (
  `id` bigint UNSIGNED NOT NULL AUTO_INCREMENT,
  `uuid` varchar(191) COLLATE utf8mb4_unicode_ci NOT NULL,
  `connection` text COLLATE utf8mb4_unicode_ci NOT NULL,
  `queue` text COLLATE utf8mb4_unicode_ci NOT NULL,
  `payload` longtext COLLATE utf8mb4_unicode_ci NOT NULL,
  `exception` longtext COLLATE utf8mb4_unicode_ci NOT NULL,
  `failed_at` timestamp NOT NULL DEFAULT CURRENT_TIMESTAMP,
  PRIMARY KEY (`id`),
  UNIQUE KEY `failed_jobs_uuid_unique` (`uuid`)
) ENGINE=MyISAM DEFAULT CHARSET=utf8mb4 COLLATE=utf8mb4_unicode_ci;

-- --------------------------------------------------------

--
-- Table structure for table `family_members`
--

DROP TABLE IF EXISTS `family_members`;
CREATE TABLE IF NOT EXISTS `family_members` (
  `id` bigint UNSIGNED NOT NULL AUTO_INCREMENT,
  `patient_id` bigint UNSIGNED NOT NULL,
  `first_name` varchar(191) COLLATE utf8mb4_unicode_ci NOT NULL,
  `middle_name` varchar(191) COLLATE utf8mb4_unicode_ci DEFAULT NULL,
  `last_name` varchar(191) COLLATE utf8mb4_unicode_ci NOT NULL,
  `relationship` enum('spouse','child','parent','sibling','other') COLLATE utf8mb4_unicode_ci NOT NULL,
  `date_of_birth` date NOT NULL,
  `gender` enum('male','female','other') COLLATE utf8mb4_unicode_ci NOT NULL,
  `address` varchar(191) COLLATE utf8mb4_unicode_ci NOT NULL,
  `city` varchar(191) COLLATE utf8mb4_unicode_ci NOT NULL,
  `state` varchar(191) COLLATE utf8mb4_unicode_ci NOT NULL,
  `zip_code` varchar(191) COLLATE utf8mb4_unicode_ci NOT NULL,
  `email` varchar(191) COLLATE utf8mb4_unicode_ci NOT NULL,
  `phone` varchar(191) COLLATE utf8mb4_unicode_ci NOT NULL,
  `profile_picture` varchar(191) COLLATE utf8mb4_unicode_ci DEFAULT NULL,
  `use_parent_insurance` tinyint(1) NOT NULL DEFAULT '0',
  `add_insurance` tinyint(1) NOT NULL DEFAULT '0',
  `created_at` timestamp NULL DEFAULT NULL,
  `updated_at` timestamp NULL DEFAULT NULL,
  PRIMARY KEY (`id`),
  KEY `family_members_patient_id_index` (`patient_id`),
  KEY `family_members_created_at_index` (`created_at`)
) ENGINE=MyISAM AUTO_INCREMENT=16 DEFAULT CHARSET=utf8mb4 COLLATE=utf8mb4_unicode_ci;

--
-- Dumping data for table `family_members`
--

INSERT INTO `family_members` (`id`, `patient_id`, `first_name`, `middle_name`, `last_name`, `relationship`, `date_of_birth`, `gender`, `address`, `city`, `state`, `zip_code`, `email`, `phone`, `profile_picture`, `use_parent_insurance`, `add_insurance`, `created_at`, `updated_at`) VALUES
(13, 13, 'abc', 'abc', 'Nazir', 'sibling', '2003-02-25', 'male', 'House 12 ,street 1 Gulzare Ibrahim, near Medcare Hospital', 'Gujranwala', 'Punjab', '252555', 'anasgoraya99@gmail.com', '+923414242266', NULL, 1, 0, '2025-12-03 11:11:23', '2025-12-03 11:11:23'),
(12, 13, 'Anas', 'Nazir', 'Nazir', 'child', '2003-02-02', 'male', 'House 12 ,street 1 Gulzare Ibrahim, near Medcare Hospital', 'Gujranwala', 'punjab', '52515', 'anasgoraya99@gmail.com', '+923414242266', NULL, 1, 0, '2025-11-28 11:23:57', '2025-11-28 11:23:57'),
(14, 13, 'muhammad', 'umar', 'farooq', 'spouse', '2003-02-02', 'male', 'lkhk', 'hk', 'punjab', '52152', 'anasgoraya99@gmail.com', '+923414242266', NULL, 1, 0, '2025-12-05 11:51:49', '2025-12-05 11:51:49'),
(15, 14, 'ali', 'mustafaa', 'mustafa', 'parent', '2003-02-02', 'male', 'House 12 ,street 1 Gulzare Ibrahim, near Medcare Hospital', 'Gujranwala', 'punjab', '512521', 'anas@gmail.com', '+923000000000', NULL, 1, 0, '2025-12-08 10:02:31', '2025-12-08 10:22:06');

-- --------------------------------------------------------

--
-- Table structure for table `insurances`
--

DROP TABLE IF EXISTS `insurances`;
CREATE TABLE IF NOT EXISTS `insurances` (
  `id` bigint UNSIGNED NOT NULL AUTO_INCREMENT,
  `patient_id` bigint UNSIGNED NOT NULL,
  `insurance_type` varchar(191) COLLATE utf8mb4_unicode_ci NOT NULL,
  `policy_number` varchar(191) COLLATE utf8mb4_unicode_ci NOT NULL,
  `member_name` varchar(191) COLLATE utf8mb4_unicode_ci NOT NULL,
  `insurance_provider` varchar(191) COLLATE utf8mb4_unicode_ci NOT NULL,
  `insurance_id` varchar(191) COLLATE utf8mb4_unicode_ci NOT NULL,
  `relationship` varchar(191) COLLATE utf8mb4_unicode_ci NOT NULL,
  `group_number` varchar(191) COLLATE utf8mb4_unicode_ci DEFAULT NULL,
  `edi_payer` varchar(191) COLLATE utf8mb4_unicode_ci DEFAULT NULL,
  `coverage_type` varchar(191) COLLATE utf8mb4_unicode_ci DEFAULT NULL,
  `effective_date` date DEFAULT NULL,
  `expiration_date` date DEFAULT NULL,
  `is_primary` tinyint(1) NOT NULL DEFAULT '0',
  `subscriber_name` varchar(191) COLLATE utf8mb4_unicode_ci DEFAULT NULL,
  `subscriber_copay` varchar(191) COLLATE utf8mb4_unicode_ci DEFAULT NULL,
  `subscriber_ssn` varchar(191) COLLATE utf8mb4_unicode_ci DEFAULT NULL,
  `subscriber_date_of_birth` date DEFAULT NULL,
  `subscriber_address` text COLLATE utf8mb4_unicode_ci,
  `card_front_image` varchar(191) COLLATE utf8mb4_unicode_ci DEFAULT NULL,
  `card_back_image` varchar(191) COLLATE utf8mb4_unicode_ci DEFAULT NULL,
  `created_at` timestamp NULL DEFAULT NULL,
  `updated_at` timestamp NULL DEFAULT NULL,
  PRIMARY KEY (`id`),
  KEY `insurances_patient_id_foreign` (`patient_id`)
) ENGINE=MyISAM AUTO_INCREMENT=13 DEFAULT CHARSET=utf8mb4 COLLATE=utf8mb4_unicode_ci;

--
-- Dumping data for table `insurances`
--

INSERT INTO `insurances` (`id`, `patient_id`, `insurance_type`, `policy_number`, `member_name`, `insurance_provider`, `insurance_id`, `relationship`, `group_number`, `edi_payer`, `coverage_type`, `effective_date`, `expiration_date`, `is_primary`, `subscriber_name`, `subscriber_copay`, `subscriber_ssn`, `subscriber_date_of_birth`, `subscriber_address`, `card_front_image`, `card_back_image`, `created_at`, `updated_at`) VALUES
(12, 14, 'health', '1', 'ali mustafa mustafa', 'aetna', '1', 'parent', '454', NULL, NULL, NULL, NULL, 0, NULL, NULL, NULL, NULL, NULL, NULL, NULL, '2025-12-08 10:04:31', '2025-12-08 10:04:31');

-- --------------------------------------------------------

--
-- Table structure for table `migrations`
--

DROP TABLE IF EXISTS `migrations`;
CREATE TABLE IF NOT EXISTS `migrations` (
  `id` int UNSIGNED NOT NULL AUTO_INCREMENT,
  `migration` varchar(191) COLLATE utf8mb4_unicode_ci NOT NULL,
  `batch` int NOT NULL,
  PRIMARY KEY (`id`)
) ENGINE=MyISAM AUTO_INCREMENT=46 DEFAULT CHARSET=utf8mb4 COLLATE=utf8mb4_unicode_ci;

--
-- Dumping data for table `migrations`
--

INSERT INTO `migrations` (`id`, `migration`, `batch`) VALUES
(1, '2014_10_12_000000_create_users_table', 1),
(2, '2014_10_12_100000_create_password_resets_table', 1),
(3, '2019_08_19_000000_create_failed_jobs_table', 1),
(4, '2019_12_14_000001_create_personal_access_tokens_table', 1),
(5, '2025_09_14_130957_create_admins_table', 1),
(6, '2025_09_14_131004_create_tasks_table', 1),
(7, '2025_09_16_051310_make_user_id_nullable_in_tasks_table', 1),
(8, '2025_09_17_081001_create_comments_table', 1),
(9, '2025_09_17_085113_update_status_in_tasks_table', 1),
(10, '2025_09_17_135339_add_assigned_by_to_tasks_table', 1),
(11, '2025_09_18_050604_add_status_to_admins_table', 1),
(12, '2025_09_22_083635_create_roles_table', 1),
(13, '2025_10_07_085432_add_email_verification_to_users_table', 1),
(14, '2025_10_08_063737_add_status_to_users_table', 1),
(15, '2025_10_15_044220_create_password_reset_tokens_table', 1),
(16, '2025_10_16_081928_add_verification_token_to_admins_table', 1),
(17, '2025_10_16_085401_add_email_verified_at_to_admins_table', 1),
(18, '2025_10_20_122124_create_patients_table', 1),
(19, '2025_10_20_122435_create_appointments_table', 1),
(20, '2025_10_20_161337_create_doctors_table', 1),
(21, '2025_10_20_162207_add_id_to_doctors_table', 1),
(22, '2025_10_21_121205_add_new_fields_to_patients_table', 1),
(23, '2025_10_21_131019_add_verification_fields_to_patients_table', 1),
(24, '2025_10_22_042641_add_missing_fields_to_patients_table', 1),
(25, '2025_10_22_114919_add_sent_to_doctor_to_appointments_table', 2),
(27, '2025_10_22_125920_fix_appointments_doctor_foreign_key', 3),
(31, '2025_10_22_130800_fix_appointment_doctor_ids', 4),
(32, '2025_10_29_082930_add_wizard_fields_to_appointments_table', 4),
(34, '2025_11_05_092546_create_payments_table', 5),
(36, '2025_11_18_create_insurances_table', 6),
(37, '2025_11_19_144529_add_expiration_date_to_insurances_table', 7),
(38, '2025_11_19_add_subscriber_fields_to_insurances_table', 8),
(39, '2025_11_20_create_family_members_table', 9),
(40, '2025_11_20_050936_create_insurances_table', 10),
(41, '2025_11_28_164633_add_family_member_id_to_appointments_table', 11),
(42, '2025_12_04_000002_add_wizard_step2_data_to_appointments_table', 12),
(43, '2025_12_05_161156_add_family_member_id_to_insurances_table', 13),
(44, '2025_12_08_153704_add_family_member_id_to_appointments_table', 14),
(45, '2025_12_08_153924_add_missing_wizard_step_data_to_appointments_table', 15);

-- --------------------------------------------------------

--
-- Table structure for table `password_resets`
--

DROP TABLE IF EXISTS `password_resets`;
CREATE TABLE IF NOT EXISTS `password_resets` (
  `email` varchar(191) COLLATE utf8mb4_unicode_ci NOT NULL,
  `token` varchar(191) COLLATE utf8mb4_unicode_ci NOT NULL,
  `created_at` timestamp NULL DEFAULT NULL,
  KEY `password_resets_email_index` (`email`)
) ENGINE=MyISAM DEFAULT CHARSET=utf8mb4 COLLATE=utf8mb4_unicode_ci;

-- --------------------------------------------------------

--
-- Table structure for table `password_reset_tokens`
--

DROP TABLE IF EXISTS `password_reset_tokens`;
CREATE TABLE IF NOT EXISTS `password_reset_tokens` (
  `email` varchar(191) COLLATE utf8mb4_unicode_ci NOT NULL,
  `token` varchar(191) COLLATE utf8mb4_unicode_ci NOT NULL,
  `new_password` varchar(191) COLLATE utf8mb4_unicode_ci DEFAULT NULL,
  `created_at` timestamp NULL DEFAULT NULL,
  KEY `password_reset_tokens_email_index` (`email`)
) ENGINE=MyISAM DEFAULT CHARSET=utf8mb4 COLLATE=utf8mb4_unicode_ci;

--
-- Dumping data for table `password_reset_tokens`
--

INSERT INTO `password_reset_tokens` (`email`, `token`, `new_password`, `created_at`) VALUES
('anasgoraya99+6@gmail.com', 'NcXGaWdF2zgmm1pdNqWaAudv2dljamprpuek8nFUB7b8I33mMVq7i7zvl8MbwqdI', '$2y$10$tcecbuLI0cDosvBcFbqB2Oyo9Mf3i3WK6.eWSNru068ioOn5gUv1u', '2025-10-23 02:33:25'),
('anasgoraya99+11@gmail.com', 'u0jvqdKkitzDPZo6tu4fGJS6WMikLZ1tzmbGoF9dVm9tn7Py2pfN2WIbd14KktB1', '$2y$10$WqmqTP1s7sAzKUxpB9Z52.Snp4oKG7IiZ87RbOFf42TilXBMjKxue', '2025-10-28 02:47:47'),
('anasgoraya99+20@gmail.com', 'qKKvFLD5W1cz52VL7jXv61FNrXsjVcS7rkMLEcAx3k34kcjJOVPhVQINdYvf1RvP', '$2y$10$FR5yCx2rzhx04Ngh.YOhP.vs/ifmrH6YbRFy3C84aD.ciFHB4wzu6', '2025-12-08 09:56:43'),
('anasgoraya99+21@gmail.com', 'khLS80iAlXaLhAtArHCfYv72bPytxU0LXewHHrlYsWXeqiu7nVobUQXE7kLmD4BH', '$2y$10$RYZl7060R5f2Kt/.w88esuvF6nEh/DN13gCmVg8B/CxZlBJu8L6Z.', '2025-12-08 09:57:49');

-- --------------------------------------------------------

--
-- Table structure for table `patients`
--

DROP TABLE IF EXISTS `patients`;
CREATE TABLE IF NOT EXISTS `patients` (
  `id` bigint UNSIGNED NOT NULL AUTO_INCREMENT,
  `first_name` varchar(191) COLLATE utf8mb4_unicode_ci NOT NULL,
  `last_name` varchar(191) COLLATE utf8mb4_unicode_ci NOT NULL,
  `email` varchar(191) COLLATE utf8mb4_unicode_ci NOT NULL,
  `age` int NOT NULL,
  `contact_number` varchar(191) COLLATE utf8mb4_unicode_ci NOT NULL,
  `emergency_contact` varchar(191) COLLATE utf8mb4_unicode_ci DEFAULT NULL,
  `cnic` varchar(191) COLLATE utf8mb4_unicode_ci NOT NULL,
  `password` varchar(191) COLLATE utf8mb4_unicode_ci NOT NULL,
  `profile_picture` varchar(191) COLLATE utf8mb4_unicode_ci DEFAULT NULL,
  `gender` enum('male','female','other') COLLATE utf8mb4_unicode_ci DEFAULT NULL,
  `date_of_birth` date DEFAULT NULL,
  `remember_token` varchar(100) COLLATE utf8mb4_unicode_ci DEFAULT NULL,
  `city` varchar(191) COLLATE utf8mb4_unicode_ci NOT NULL,
  `address` text COLLATE utf8mb4_unicode_ci,
  `state` varchar(191) COLLATE utf8mb4_unicode_ci DEFAULT NULL,
  `zip_code` varchar(191) COLLATE utf8mb4_unicode_ci DEFAULT NULL,
  `blood_group` enum('A+','A-','B+','B-','AB+','AB-','O+','O-') COLLATE utf8mb4_unicode_ci DEFAULT NULL,
  `marital_status` enum('single','married','divorced','widowed') COLLATE utf8mb4_unicode_ci DEFAULT NULL,
  `medical_history` text COLLATE utf8mb4_unicode_ci,
  `verification_token` varchar(191) COLLATE utf8mb4_unicode_ci DEFAULT NULL,
  `email_verified_at` timestamp NULL DEFAULT NULL,
  `status` enum('active','inactive') COLLATE utf8mb4_unicode_ci NOT NULL DEFAULT 'active',
  `created_at` timestamp NULL DEFAULT NULL,
  `updated_at` timestamp NULL DEFAULT NULL,
  PRIMARY KEY (`id`),
  UNIQUE KEY `patients_email_unique` (`email`),
  UNIQUE KEY `patients_cnic_unique` (`cnic`)
) ENGINE=MyISAM AUTO_INCREMENT=15 DEFAULT CHARSET=utf8mb4 COLLATE=utf8mb4_unicode_ci;

--
-- Dumping data for table `patients`
--

INSERT INTO `patients` (`id`, `first_name`, `last_name`, `email`, `age`, `contact_number`, `emergency_contact`, `cnic`, `password`, `profile_picture`, `gender`, `date_of_birth`, `remember_token`, `city`, `address`, `state`, `zip_code`, `blood_group`, `marital_status`, `medical_history`, `verification_token`, `email_verified_at`, `status`, `created_at`, `updated_at`) VALUES
(2, 'Anas', 'Nazir', 'anasgoraya99+1@gmail.com', 22, '03414242266', '03414242266', '34601-4071145-8', '$2y$10$PnNFVOt41dz5pd6SN4rt8.UE8dsh.KIZioVO2/Hi3lpSlJUAzhY/i', NULL, 'male', '2003-02-02', NULL, 'Gujranwala', 'House 12 ,street 1 Gulzare Ibrahim, near Medcare Hospital', 'punjab', '512521', 'A+', 'single', NULL, NULL, '2025-10-22 03:22:06', 'active', '2025-10-22 02:01:24', '2025-10-22 03:22:06'),
(5, 'Awais', 'Muneeb', 'anasgoraya99+6@gmail.com', 18, '03000004512', '03012456897', '34601-4078145-8', '$2y$10$tcecbuLI0cDosvBcFbqB2Oyo9Mf3i3WK6.eWSNru068ioOn5gUv1u', NULL, 'male', '2007-02-02', NULL, 'Gujranwala', 'House 12 ,street 1 Gulzare Ibrahim, near Medcare Hospital', 'punjab', '52515', 'B+', 'single', NULL, NULL, '2025-10-22 10:35:39', 'active', '2025-10-22 10:35:02', '2025-10-23 02:33:44'),
(3, 'Anas', 'Nazir', 'anasgoraya99+13@gmail.com', 25, '03414242266', '03414242266', '3460140711611', '$2y$10$j7KO0Zd4jsuREzv7Mp1rDuX9MsIyFNnPKCdiZk44AGijVJ8N3ADRe', NULL, 'male', '2000-02-20', NULL, 'Gujranwala', 'House 12 ,street 1 Gulzare Ibrahim, near Medcare Hospital', 'punjab', '512521', 'A-', 'single', NULL, NULL, '2025-10-22 02:52:39', 'active', '2025-10-22 02:49:23', '2025-10-22 02:52:39'),
(4, 'Anas', 'Nazir', 'anasgoraya99+15@gmail.com', 22, '03414242266', '03414242266', '34601-4071145-7', '$2y$10$lJh.a1k4N29QA259iwSeROPUhlhFZWrVTFxpCr7AGBtKkRtM.OtpC', NULL, 'male', '2003-02-02', NULL, 'Gujranwala', 'House 12 ,street 1 Gulzare Ibrahim, near Medcare Hospital', 'punjab', '52515', 'O+', 'single', NULL, NULL, '2025-10-22 03:02:34', 'active', '2025-10-22 03:02:06', '2025-10-22 03:02:34'),
(6, 'abc', 'def', 'anasgoraya99+2@gmail.com', 22, '03414242266', '03414242266', '34601-4076145-7', '$2y$10$0g5tuYjlweox88PScoIyRexi7B753U8nsBWOg29nePb2TiTt4EQzG', NULL, 'male', '2003-02-02', NULL, 'Gujranwala', 'House 12 ,street 1 Gulzare Ibrahim, near Medcare Hospital', 'Punjab', '51215', 'A+', 'single', NULL, NULL, '2025-10-23 01:38:39', 'active', '2025-10-23 01:37:54', '2025-10-23 01:38:39'),
(7, 'umar', 'basit', 'anasgoraya99@gmail.com', 10, '03414242266', '03414242266', '34601-4561145-7', '$2y$10$phV3ZQngnra1Z5xHSGncwOiiWE02Mj5lUdlrxg8IlB/43RE575EUO', NULL, 'male', '2015-02-02', NULL, 'Gujranwala', 'House 12 ,street 1 Gulzare Ibrahim, near Medcare Hospital', 'Punjab', '52515', 'B-', 'single', NULL, 'MHw28jnC5DiApTClhR0Z9RO2MHfmGgwapM5YB1U4LHSxJKgFRQq2vhHHw1DJuxY2', NULL, 'active', '2025-10-23 11:48:25', '2025-10-23 11:48:25'),
(8, 'umar', 'basit', 'anasgoraya99+10@gmail.com', 10, '03414242266', '03012456897', '3460140711806', '$2y$10$8z5VDEuppVkmLOO58EgyFeq0L7BELSpDEdaVGRS7U0i4hI9RilqqK', NULL, 'male', '2015-02-02', NULL, 'Gujranwala', 'House 12 ,street 1 Gulzare Ibrahim, near Medcare Hospital', 'Punjab', '52515', 'A-', 'single', NULL, 'QEd8CKp7Vrn7NSGC3YaAJBzBJxN8FWzTVYS9BaKDxacSA5ijAtSVyVFPpKexpf7J', NULL, 'active', '2025-10-23 11:51:26', '2025-10-23 11:51:26'),
(9, 'umair', 'naveed', 'anasgoraya99+11@gmail.com', 12, '03414242266', '03012496897', '3460140711903', '$2y$10$WqmqTP1s7sAzKUxpB9Z52.Snp4oKG7IiZ87RbOFf42TilXBMjKxue', NULL, 'male', '2013-02-02', NULL, 'Gujranwala', 'House 12 ,street 1 Gulzare Ibrahim, near Medcare Hospital', 'Punjab', '512521', 'A-', 'single', NULL, NULL, '2025-10-26 08:41:58', 'active', '2025-10-26 08:41:26', '2025-10-28 02:48:01'),
(10, 'ali', 'Nazir', 'anasgoraya99+3@gmail.com', 0, '03414242266', '03012456897', '34601-4074545-7', '$2y$10$xZieEzg3x913R0V7OwnGZOAj0MfntKoKfMQMRaPepbuWYBg0s6c5K', NULL, 'male', '2025-01-27', NULL, 'Gujranwala', 'House 12 ,street 1 Gulzare Ibrahim, near Medcare Hospital', 'Punjab', '52515', 'B-', 'single', 'cfhfyd', NULL, '2025-10-27 02:11:52', 'active', '2025-10-27 02:05:43', '2025-11-07 11:05:37'),
(11, 'haroon', 'naveed', 'anasgoraya99+4@gmail.com', 18, '03414242266', '03414242266', '3460140711603', '$2y$10$3kR1PsjJ8l2KmAurCfz1/Oh9dJUWytBI1bMsnrSIHL5qZf.0nchpi', NULL, 'male', '2007-02-02', NULL, 'Gujranwala', 'House 12 ,street 1 Gulzare Ibrahim, near Medcare Hospital', 'Punjab', '52515', 'AB+', 'single', NULL, NULL, '2025-10-28 01:24:42', 'active', '2025-10-28 01:24:20', '2025-10-28 01:24:42'),
(12, 'Anas', 'Nazir', 'anasgoraya99+20@gmail.com', 20, '03414242266', '03012456897', '34601-4088145-7', '$2y$10$FR5yCx2rzhx04Ngh.YOhP.vs/ifmrH6YbRFy3C84aD.ciFHB4wzu6', NULL, 'male', '2005-02-02', NULL, 'Gujranwala', 'House 12 ,street 1 Gulzare Ibrahim, near Medcare Hospital', 'Punjab', '52515', 'AB+', 'single', NULL, NULL, '2025-10-28 03:05:13', 'active', '2025-10-28 03:04:28', '2025-12-08 09:57:22'),
(13, 'muhammad', 'yahya', 'anasgoraya99+12@gmail.com', 16, '03100000000', '03100000000', '3460140711803', '$2y$10$4Ci.v5eYT8a4ZS6H6d5ty.MItPMgHa1oHuie/zYTl30ptO/pAtAMu', NULL, 'male', '2009-02-02', NULL, 'Gujranwala', 'House 12 ,street 1 Gulzare Ibrahim, near Medcare Hospital', 'Punjab', '52515', 'A-', 'single', 'no', NULL, '2025-11-21 10:36:33', 'active', '2025-11-21 10:36:07', '2025-11-21 10:36:33'),
(14, 'umar', 'farooq', 'anasgoraya99+21@gmail.com', 21, '03000004512', '03100000000', '3460940711606', '$2y$10$RYZl7060R5f2Kt/.w88esuvF6nEh/DN13gCmVg8B/CxZlBJu8L6Z.', NULL, 'male', '2004-06-06', NULL, 'Gujranwala', 'House 12 ,street 5 Gulzare Ibrahim, near Medcare Hospital\r\nGujranwala', 'Punjab', '52515', 'A-', 'single', 'no one', NULL, '2025-12-08 09:46:45', 'active', '2025-12-08 09:46:15', '2025-12-08 09:58:05');

-- --------------------------------------------------------

--
-- Table structure for table `payments`
--

DROP TABLE IF EXISTS `payments`;
CREATE TABLE IF NOT EXISTS `payments` (
  `id` bigint UNSIGNED NOT NULL AUTO_INCREMENT,
  `patient_id` bigint UNSIGNED NOT NULL,
  `appointment_id` bigint UNSIGNED DEFAULT NULL,
  `stripe_charge_id` varchar(191) COLLATE utf8mb4_unicode_ci NOT NULL,
  `stripe_token` varchar(191) COLLATE utf8mb4_unicode_ci DEFAULT NULL,
  `amount` decimal(10,2) NOT NULL,
  `currency` varchar(3) COLLATE utf8mb4_unicode_ci NOT NULL DEFAULT 'usd',
  `status` varchar(191) COLLATE utf8mb4_unicode_ci NOT NULL,
  `description` varchar(191) COLLATE utf8mb4_unicode_ci DEFAULT NULL,
  `card_details` json DEFAULT NULL,
  `stripe_response` json DEFAULT NULL,
  `processed_at` timestamp NULL DEFAULT NULL,
  `created_at` timestamp NULL DEFAULT NULL,
  `updated_at` timestamp NULL DEFAULT NULL,
  PRIMARY KEY (`id`),
  UNIQUE KEY `payments_stripe_charge_id_unique` (`stripe_charge_id`),
  KEY `payments_appointment_id_foreign` (`appointment_id`),
  KEY `payments_patient_id_status_index` (`patient_id`,`status`),
  KEY `payments_stripe_charge_id_index` (`stripe_charge_id`)
) ENGINE=MyISAM AUTO_INCREMENT=30 DEFAULT CHARSET=utf8mb4 COLLATE=utf8mb4_unicode_ci;

--
-- Dumping data for table `payments`
--

INSERT INTO `payments` (`id`, `patient_id`, `appointment_id`, `stripe_charge_id`, `stripe_token`, `amount`, `currency`, `status`, `description`, `card_details`, `stripe_response`, `processed_at`, `created_at`, `updated_at`) VALUES
(1, 3, 29, 'ch_3SQ349EDgirLUlQB1ff27Fjv', 'tok_visa', 100.00, 'usd', 'succeeded', 'Appointment payment', '{\"name\": \"Test User\", \"exp_year\": \"28\", \"exp_month\": \"02\", \"number_last4\": \"4242\"}', '{\"id\": \"ch_3SQ349EDgirLUlQB1ff27Fjv\", \"paid\": true, \"order\": null, \"amount\": 10000, \"object\": \"charge\", \"review\": null, \"source\": {\"id\": \"card_1SQ348EDgirLUlQBn72odYNV\", \"name\": null, \"brand\": \"Visa\", \"email\": null, \"last4\": \"4242\", \"phone\": null, \"object\": \"card\", \"wallet\": null, \"country\": \"US\", \"funding\": \"credit\", \"customer\": null, \"exp_year\": 2026, \"metadata\": [], \"cvc_check\": \"pass\", \"exp_month\": 11, \"address_zip\": null, \"fingerprint\": \"XPvMNbEcdXe7TopK\", \"address_city\": null, \"address_line1\": null, \"address_line2\": null, \"address_state\": null, \"dynamic_last4\": null, \"address_country\": null, \"allow_redisplay\": \"unspecified\", \"regulated_status\": \"unregulated\", \"address_zip_check\": null, \"address_line1_check\": null, \"tokenization_method\": null}, \"status\": \"succeeded\", \"created\": 1762335105, \"dispute\": null, \"outcome\": {\"type\": \"authorized\", \"reason\": null, \"risk_level\": \"normal\", \"risk_score\": 44, \"advice_code\": null, \"network_status\": \"approved_by_network\", \"seller_message\": \"Payment complete.\", \"network_advice_code\": null, \"network_decline_code\": null}, \"captured\": true, \"currency\": \"usd\", \"customer\": null, \"disputed\": false, \"livemode\": false, \"metadata\": [], \"refunded\": false, \"shipping\": null, \"application\": null, \"description\": \"Appointment payment\", \"destination\": null, \"receipt_url\": \"https://pay.stripe.com/receipts/payment/CAcaFwoVYWNjdF8xU1BmZG1FRGdpckxVbFFCKIGzrMgGMgZ8VaRMncg6LBbtCUUTkju8H3mBRoQeovEydCZtJ4k-RYlYCK9AF1RePQZgTQDzxIOjlh0K\", \"failure_code\": null, \"on_behalf_of\": null, \"fraud_details\": [], \"receipt_email\": null, \"transfer_data\": null, \"payment_intent\": null, \"payment_method\": \"card_1SQ348EDgirLUlQBn72odYNV\", \"receipt_number\": null, \"transfer_group\": null, \"amount_captured\": 10000, \"amount_refunded\": 0, \"application_fee\": null, \"billing_details\": {\"name\": null, \"email\": null, \"phone\": null, \"tax_id\": null, \"address\": {\"city\": null, \"line1\": null, \"line2\": null, \"state\": null, \"country\": null, \"postal_code\": null}}, \"failure_message\": null, \"source_transfer\": null, \"balance_transaction\": \"txn_3SQ349EDgirLUlQB1b4l4klE\", \"statement_descriptor\": null, \"application_fee_amount\": null, \"payment_method_details\": {\"card\": {\"brand\": \"visa\", \"last4\": \"4242\", \"checks\": {\"cvc_check\": \"pass\", \"address_line1_check\": null, \"address_postal_code_check\": null}, \"wallet\": null, \"country\": \"US\", \"funding\": \"credit\", \"mandate\": null, \"network\": \"visa\", \"exp_year\": 2026, \"exp_month\": 11, \"fingerprint\": \"XPvMNbEcdXe7TopK\", \"overcapture\": {\"status\": \"unavailable\", \"maximum_amount_capturable\": 10000}, \"installments\": null, \"multicapture\": {\"status\": \"unavailable\"}, \"network_token\": {\"used\": false}, \"three_d_secure\": null, \"regulated_status\": \"unregulated\", \"amount_authorized\": 10000, \"authorization_code\": \"100938\", \"extended_authorization\": {\"status\": \"disabled\"}, \"network_transaction_id\": \"888011877789869\", \"incremental_authorization\": {\"status\": \"unavailable\"}}, \"type\": \"card\"}, \"failure_balance_transaction\": null, \"statement_descriptor_suffix\": null, \"calculated_statement_descriptor\": \"Stripe\"}', '2025-11-05 04:31:47', '2025-11-05 04:31:47', '2025-11-05 04:31:47'),
(2, 11, 30, 'ch_3SQ36cEDgirLUlQB03GJnT98', 'tok_visa', 100.00, 'usd', 'succeeded', 'Appointment payment', '{\"name\": \"Anas Nazir\", \"exp_year\": \"28\", \"exp_month\": \"02\", \"number_last4\": \"5555\"}', '{\"id\": \"ch_3SQ36cEDgirLUlQB03GJnT98\", \"paid\": true, \"order\": null, \"amount\": 10000, \"object\": \"charge\", \"review\": null, \"source\": {\"id\": \"card_1SQ36cEDgirLUlQBuqWvY7rr\", \"name\": null, \"brand\": \"Visa\", \"email\": null, \"last4\": \"4242\", \"phone\": null, \"object\": \"card\", \"wallet\": null, \"country\": \"US\", \"funding\": \"credit\", \"customer\": null, \"exp_year\": 2026, \"metadata\": [], \"cvc_check\": \"pass\", \"exp_month\": 11, \"address_zip\": null, \"fingerprint\": \"XPvMNbEcdXe7TopK\", \"address_city\": null, \"address_line1\": null, \"address_line2\": null, \"address_state\": null, \"dynamic_last4\": null, \"address_country\": null, \"allow_redisplay\": \"unspecified\", \"regulated_status\": \"unregulated\", \"address_zip_check\": null, \"address_line1_check\": null, \"tokenization_method\": null}, \"status\": \"succeeded\", \"created\": 1762335258, \"dispute\": null, \"outcome\": {\"type\": \"authorized\", \"reason\": null, \"risk_level\": \"normal\", \"risk_score\": 25, \"advice_code\": null, \"network_status\": \"approved_by_network\", \"seller_message\": \"Payment complete.\", \"network_advice_code\": null, \"network_decline_code\": null}, \"captured\": true, \"currency\": \"usd\", \"customer\": null, \"disputed\": false, \"livemode\": false, \"metadata\": [], \"refunded\": false, \"shipping\": null, \"application\": null, \"description\": \"Appointment payment\", \"destination\": null, \"receipt_url\": \"https://pay.stripe.com/receipts/payment/CAcaFwoVYWNjdF8xU1BmZG1FRGdpckxVbFFCKJu0rMgGMgZRsxp9jk86LBYhMh0lInpUizNbQuzQzykytgqibUSj3vA3jfKmkzSyuFEaFaocoBhSnTGK\", \"failure_code\": null, \"on_behalf_of\": null, \"fraud_details\": [], \"receipt_email\": null, \"transfer_data\": null, \"payment_intent\": null, \"payment_method\": \"card_1SQ36cEDgirLUlQBuqWvY7rr\", \"receipt_number\": null, \"transfer_group\": null, \"amount_captured\": 10000, \"amount_refunded\": 0, \"application_fee\": null, \"billing_details\": {\"name\": null, \"email\": null, \"phone\": null, \"tax_id\": null, \"address\": {\"city\": null, \"line1\": null, \"line2\": null, \"state\": null, \"country\": null, \"postal_code\": null}}, \"failure_message\": null, \"source_transfer\": null, \"balance_transaction\": \"txn_3SQ36cEDgirLUlQB0f7jWvEx\", \"statement_descriptor\": null, \"application_fee_amount\": null, \"payment_method_details\": {\"card\": {\"brand\": \"visa\", \"last4\": \"4242\", \"checks\": {\"cvc_check\": \"pass\", \"address_line1_check\": null, \"address_postal_code_check\": null}, \"wallet\": null, \"country\": \"US\", \"funding\": \"credit\", \"mandate\": null, \"network\": \"visa\", \"exp_year\": 2026, \"exp_month\": 11, \"fingerprint\": \"XPvMNbEcdXe7TopK\", \"overcapture\": {\"status\": \"unavailable\", \"maximum_amount_capturable\": 10000}, \"installments\": null, \"multicapture\": {\"status\": \"unavailable\"}, \"network_token\": {\"used\": false}, \"three_d_secure\": null, \"regulated_status\": \"unregulated\", \"amount_authorized\": 10000, \"authorization_code\": \"245846\", \"extended_authorization\": {\"status\": \"disabled\"}, \"network_transaction_id\": \"888011877789869\", \"incremental_authorization\": {\"status\": \"unavailable\"}}, \"type\": \"card\"}, \"failure_balance_transaction\": null, \"statement_descriptor_suffix\": null, \"calculated_statement_descriptor\": \"Stripe\"}', '2025-11-05 04:34:20', '2025-11-05 04:34:20', '2025-11-05 04:34:20'),
(3, 11, 31, 'ch_3SQMVYEDgirLUlQB1C7HrFtr', 'tok_visa', 100.00, 'usd', 'succeeded', 'Appointment payment', '{\"name\": \"Harron Naveed\", \"exp_year\": \"28\", \"exp_month\": \"02\", \"number_last4\": \"0002\"}', '{\"id\": \"ch_3SQMVYEDgirLUlQB1C7HrFtr\", \"paid\": true, \"order\": null, \"amount\": 10000, \"object\": \"charge\", \"review\": null, \"source\": {\"id\": \"card_1SQMVYEDgirLUlQBrkmsITok\", \"name\": null, \"brand\": \"Visa\", \"email\": null, \"last4\": \"4242\", \"phone\": null, \"object\": \"card\", \"wallet\": null, \"country\": \"US\", \"funding\": \"credit\", \"customer\": null, \"exp_year\": 2026, \"metadata\": [], \"cvc_check\": \"pass\", \"exp_month\": 11, \"address_zip\": null, \"fingerprint\": \"XPvMNbEcdXe7TopK\", \"address_city\": null, \"address_line1\": null, \"address_line2\": null, \"address_state\": null, \"dynamic_last4\": null, \"address_country\": null, \"allow_redisplay\": \"unspecified\", \"regulated_status\": \"unregulated\", \"address_zip_check\": null, \"address_line1_check\": null, \"tokenization_method\": null}, \"status\": \"succeeded\", \"created\": 1762409840, \"dispute\": null, \"outcome\": {\"type\": \"authorized\", \"reason\": null, \"risk_level\": \"normal\", \"risk_score\": 1, \"advice_code\": null, \"network_status\": \"approved_by_network\", \"seller_message\": \"Payment complete.\", \"network_advice_code\": null, \"network_decline_code\": null}, \"captured\": true, \"currency\": \"usd\", \"customer\": null, \"disputed\": false, \"livemode\": false, \"metadata\": [], \"refunded\": false, \"shipping\": null, \"application\": null, \"description\": \"Appointment payment\", \"destination\": null, \"receipt_url\": \"https://pay.stripe.com/receipts/payment/CAcaFwoVYWNjdF8xU1BmZG1FRGdpckxVbFFCKPD6sMgGMgbvwYWc4F86LBZQv5tQXmhTAeo9cLuo_BTPrvXN2NkE6ItnuJtQKhnuBUBkF23pbLOpP7aR\", \"failure_code\": null, \"on_behalf_of\": null, \"fraud_details\": [], \"receipt_email\": null, \"transfer_data\": null, \"payment_intent\": null, \"payment_method\": \"card_1SQMVYEDgirLUlQBrkmsITok\", \"receipt_number\": null, \"transfer_group\": null, \"amount_captured\": 10000, \"amount_refunded\": 0, \"application_fee\": null, \"billing_details\": {\"name\": null, \"email\": null, \"phone\": null, \"tax_id\": null, \"address\": {\"city\": null, \"line1\": null, \"line2\": null, \"state\": null, \"country\": null, \"postal_code\": null}}, \"failure_message\": null, \"source_transfer\": null, \"balance_transaction\": \"txn_3SQMVYEDgirLUlQB1EguS1Hc\", \"statement_descriptor\": null, \"application_fee_amount\": null, \"payment_method_details\": {\"card\": {\"brand\": \"visa\", \"last4\": \"4242\", \"checks\": {\"cvc_check\": \"pass\", \"address_line1_check\": null, \"address_postal_code_check\": null}, \"wallet\": null, \"country\": \"US\", \"funding\": \"credit\", \"mandate\": null, \"network\": \"visa\", \"exp_year\": 2026, \"exp_month\": 11, \"fingerprint\": \"XPvMNbEcdXe7TopK\", \"overcapture\": {\"status\": \"unavailable\", \"maximum_amount_capturable\": 10000}, \"installments\": null, \"multicapture\": {\"status\": \"unavailable\"}, \"network_token\": {\"used\": false}, \"three_d_secure\": null, \"regulated_status\": \"unregulated\", \"amount_authorized\": 10000, \"authorization_code\": \"457299\", \"extended_authorization\": {\"status\": \"disabled\"}, \"network_transaction_id\": \"888011877789869\", \"incremental_authorization\": {\"status\": \"unavailable\"}}, \"type\": \"card\"}, \"failure_balance_transaction\": null, \"statement_descriptor_suffix\": null, \"calculated_statement_descriptor\": \"Stripe\"}', '2025-11-06 01:17:34', '2025-11-06 01:17:34', '2025-11-06 01:17:34'),
(4, 3, 32, 'ch_3SVZMsEDgirLUlQB02AEDy6M', 'tok_visa', 100.00, 'usd', 'succeeded', 'Appointment payment', '{\"name\": \"Test User\", \"exp_year\": \"29\", \"exp_month\": \"12\", \"number_last4\": \"4242\"}', '{\"id\": \"ch_3SVZMsEDgirLUlQB02AEDy6M\", \"paid\": true, \"order\": null, \"amount\": 10000, \"object\": \"charge\", \"review\": null, \"source\": {\"id\": \"card_1SVZMsEDgirLUlQBA6EgKaHT\", \"name\": null, \"brand\": \"Visa\", \"email\": null, \"last4\": \"4242\", \"phone\": null, \"object\": \"card\", \"wallet\": null, \"country\": \"US\", \"funding\": \"credit\", \"customer\": null, \"exp_year\": 2026, \"metadata\": [], \"cvc_check\": \"pass\", \"exp_month\": 11, \"address_zip\": null, \"fingerprint\": \"XPvMNbEcdXe7TopK\", \"address_city\": null, \"address_line1\": null, \"address_line2\": null, \"address_state\": null, \"dynamic_last4\": null, \"address_country\": null, \"allow_redisplay\": \"unspecified\", \"regulated_status\": \"unregulated\", \"address_zip_check\": null, \"address_line1_check\": null, \"tokenization_method\": null}, \"status\": \"succeeded\", \"created\": 1763650914, \"dispute\": null, \"outcome\": {\"type\": \"authorized\", \"reason\": null, \"risk_level\": \"normal\", \"risk_score\": 39, \"advice_code\": null, \"network_status\": \"approved_by_network\", \"seller_message\": \"Payment complete.\", \"network_advice_code\": null, \"network_decline_code\": null}, \"captured\": true, \"currency\": \"usd\", \"customer\": null, \"disputed\": false, \"livemode\": false, \"metadata\": [], \"refunded\": false, \"shipping\": null, \"application\": null, \"description\": \"Appointment payment\", \"destination\": null, \"receipt_url\": \"https://pay.stripe.com/receipts/payment/CAcaFwoVYWNjdF8xU1BmZG1FRGdpckxVbFFCKOPa_MgGMgbXhfOGLuM6LBZL1rKsl2aGAXTxwOE_lOOMyXNuTPHo6jaZefLXbqwmbgf9mLgJ5ZDGUVbT\", \"failure_code\": null, \"on_behalf_of\": null, \"fraud_details\": [], \"receipt_email\": null, \"transfer_data\": null, \"payment_intent\": null, \"payment_method\": \"card_1SVZMsEDgirLUlQBA6EgKaHT\", \"receipt_number\": null, \"transfer_group\": null, \"amount_captured\": 10000, \"amount_refunded\": 0, \"application_fee\": null, \"billing_details\": {\"name\": null, \"email\": null, \"phone\": null, \"tax_id\": null, \"address\": {\"city\": null, \"line1\": null, \"line2\": null, \"state\": null, \"country\": null, \"postal_code\": null}}, \"failure_message\": null, \"source_transfer\": null, \"balance_transaction\": \"txn_3SVZMsEDgirLUlQB05ZNbQQ9\", \"statement_descriptor\": null, \"application_fee_amount\": null, \"payment_method_details\": {\"card\": {\"brand\": \"visa\", \"last4\": \"4242\", \"checks\": {\"cvc_check\": \"pass\", \"address_line1_check\": null, \"address_postal_code_check\": null}, \"wallet\": null, \"country\": \"US\", \"funding\": \"credit\", \"mandate\": null, \"network\": \"visa\", \"exp_year\": 2026, \"exp_month\": 11, \"fingerprint\": \"XPvMNbEcdXe7TopK\", \"overcapture\": {\"status\": \"unavailable\", \"maximum_amount_capturable\": 10000}, \"installments\": null, \"multicapture\": {\"status\": \"unavailable\"}, \"network_token\": {\"used\": false}, \"three_d_secure\": null, \"regulated_status\": \"unregulated\", \"amount_authorized\": 10000, \"authorization_code\": \"942293\", \"extended_authorization\": {\"status\": \"disabled\"}, \"network_transaction_id\": \"888011877789869\", \"incremental_authorization\": {\"status\": \"unavailable\"}}, \"type\": \"card\"}, \"failure_balance_transaction\": null, \"statement_descriptor_suffix\": null, \"calculated_statement_descriptor\": \"Stripe\"}', '2025-11-20 10:02:15', '2025-11-20 10:02:15', '2025-11-20 10:02:15'),
(5, 3, NULL, 'ch_3SVZNEEDgirLUlQB1kaVCtok', 'tok_visa', 100.00, 'usd', 'succeeded', 'Appointment payment', '{\"name\": \"Test User\", \"exp_year\": \"29\", \"exp_month\": \"12\", \"number_last4\": \"4242\"}', '{\"id\": \"ch_3SVZNEEDgirLUlQB1kaVCtok\", \"paid\": true, \"order\": null, \"amount\": 10000, \"object\": \"charge\", \"review\": null, \"source\": {\"id\": \"card_1SVZNEEDgirLUlQB89HIUcWu\", \"name\": null, \"brand\": \"Visa\", \"email\": null, \"last4\": \"4242\", \"phone\": null, \"object\": \"card\", \"wallet\": null, \"country\": \"US\", \"funding\": \"credit\", \"customer\": null, \"exp_year\": 2026, \"metadata\": [], \"cvc_check\": \"pass\", \"exp_month\": 11, \"address_zip\": null, \"fingerprint\": \"XPvMNbEcdXe7TopK\", \"address_city\": null, \"address_line1\": null, \"address_line2\": null, \"address_state\": null, \"dynamic_last4\": null, \"address_country\": null, \"allow_redisplay\": \"unspecified\", \"regulated_status\": \"unregulated\", \"address_zip_check\": null, \"address_line1_check\": null, \"tokenization_method\": null}, \"status\": \"succeeded\", \"created\": 1763650936, \"dispute\": null, \"outcome\": {\"type\": \"authorized\", \"reason\": null, \"risk_level\": \"normal\", \"risk_score\": 5, \"advice_code\": null, \"network_status\": \"approved_by_network\", \"seller_message\": \"Payment complete.\", \"network_advice_code\": null, \"network_decline_code\": null}, \"captured\": true, \"currency\": \"usd\", \"customer\": null, \"disputed\": false, \"livemode\": false, \"metadata\": [], \"refunded\": false, \"shipping\": null, \"application\": null, \"description\": \"Appointment payment\", \"destination\": null, \"receipt_url\": \"https://pay.stripe.com/receipts/payment/CAcaFwoVYWNjdF8xU1BmZG1FRGdpckxVbFFCKPna_MgGMgZZYmH68Ig6LBYNfCHJyeFHaKb1aF5J0kEHuDq6hTXaKCTpqbBuL3NSQ1uPjfPlWDaf_Wv3\", \"failure_code\": null, \"on_behalf_of\": null, \"fraud_details\": [], \"receipt_email\": null, \"transfer_data\": null, \"payment_intent\": null, \"payment_method\": \"card_1SVZNEEDgirLUlQB89HIUcWu\", \"receipt_number\": null, \"transfer_group\": null, \"amount_captured\": 10000, \"amount_refunded\": 0, \"application_fee\": null, \"billing_details\": {\"name\": null, \"email\": null, \"phone\": null, \"tax_id\": null, \"address\": {\"city\": null, \"line1\": null, \"line2\": null, \"state\": null, \"country\": null, \"postal_code\": null}}, \"failure_message\": null, \"source_transfer\": null, \"balance_transaction\": \"txn_3SVZNEEDgirLUlQB1knWmetn\", \"statement_descriptor\": null, \"application_fee_amount\": null, \"payment_method_details\": {\"card\": {\"brand\": \"visa\", \"last4\": \"4242\", \"checks\": {\"cvc_check\": \"pass\", \"address_line1_check\": null, \"address_postal_code_check\": null}, \"wallet\": null, \"country\": \"US\", \"funding\": \"credit\", \"mandate\": null, \"network\": \"visa\", \"exp_year\": 2026, \"exp_month\": 11, \"fingerprint\": \"XPvMNbEcdXe7TopK\", \"overcapture\": {\"status\": \"unavailable\", \"maximum_amount_capturable\": 10000}, \"installments\": null, \"multicapture\": {\"status\": \"unavailable\"}, \"network_token\": {\"used\": false}, \"three_d_secure\": null, \"regulated_status\": \"unregulated\", \"amount_authorized\": 10000, \"authorization_code\": \"405124\", \"extended_authorization\": {\"status\": \"disabled\"}, \"network_transaction_id\": \"888011877789869\", \"incremental_authorization\": {\"status\": \"unavailable\"}}, \"type\": \"card\"}, \"failure_balance_transaction\": null, \"statement_descriptor_suffix\": null, \"calculated_statement_descriptor\": \"Stripe\"}', '2025-11-20 10:02:17', '2025-11-20 10:02:17', '2025-11-20 10:02:17'),
(6, 13, 33, 'ch_3SYUQPEDgirLUlQB1aa15VAV', 'tok_visa', 100.00, 'usd', 'succeeded', 'Appointment payment', '{\"name\": \"Anas Nazir\", \"exp_year\": \"29\", \"exp_month\": \"08\", \"number_last4\": \"1212\"}', '{\"id\": \"ch_3SYUQPEDgirLUlQB1aa15VAV\", \"paid\": true, \"order\": null, \"amount\": 10000, \"object\": \"charge\", \"review\": null, \"source\": {\"id\": \"card_1SYUQPEDgirLUlQB8UPYUugc\", \"name\": null, \"brand\": \"Visa\", \"email\": null, \"last4\": \"4242\", \"phone\": null, \"object\": \"card\", \"wallet\": null, \"country\": \"US\", \"funding\": \"credit\", \"customer\": null, \"exp_year\": 2026, \"metadata\": [], \"cvc_check\": \"pass\", \"exp_month\": 11, \"address_zip\": null, \"fingerprint\": \"XPvMNbEcdXe7TopK\", \"address_city\": null, \"address_line1\": null, \"address_line2\": null, \"address_state\": null, \"dynamic_last4\": null, \"address_country\": null, \"allow_redisplay\": \"unspecified\", \"regulated_status\": \"unregulated\", \"address_zip_check\": null, \"address_line1_check\": null, \"tokenization_method\": null}, \"status\": \"succeeded\", \"created\": 1764346897, \"dispute\": null, \"outcome\": {\"type\": \"authorized\", \"reason\": null, \"risk_level\": \"normal\", \"risk_score\": 11, \"advice_code\": null, \"network_status\": \"approved_by_network\", \"seller_message\": \"Payment complete.\", \"network_advice_code\": null, \"network_decline_code\": null}, \"captured\": true, \"currency\": \"usd\", \"customer\": null, \"disputed\": false, \"livemode\": false, \"metadata\": [], \"refunded\": false, \"shipping\": null, \"application\": null, \"description\": \"Appointment payment\", \"destination\": null, \"receipt_url\": \"https://pay.stripe.com/receipts/payment/CAcaFwoVYWNjdF8xU1BmZG1FRGdpckxVbFFCKJGYp8kGMgbOxri2nkE6LBYXcNKCtkmhcH3faxT_66rhc0o_QZmvUtqEZCt2H0Fz0lnQ_5TK2RE67ye6\", \"failure_code\": null, \"on_behalf_of\": null, \"fraud_details\": [], \"receipt_email\": null, \"transfer_data\": null, \"payment_intent\": null, \"payment_method\": \"card_1SYUQPEDgirLUlQB8UPYUugc\", \"receipt_number\": null, \"transfer_group\": null, \"amount_captured\": 10000, \"amount_refunded\": 0, \"application_fee\": null, \"billing_details\": {\"name\": null, \"email\": null, \"phone\": null, \"tax_id\": null, \"address\": {\"city\": null, \"line1\": null, \"line2\": null, \"state\": null, \"country\": null, \"postal_code\": null}}, \"failure_message\": null, \"source_transfer\": null, \"balance_transaction\": \"txn_3SYUQPEDgirLUlQB1MLkWiGR\", \"statement_descriptor\": null, \"application_fee_amount\": null, \"payment_method_details\": {\"card\": {\"brand\": \"visa\", \"last4\": \"4242\", \"checks\": {\"cvc_check\": \"pass\", \"address_line1_check\": null, \"address_postal_code_check\": null}, \"wallet\": null, \"country\": \"US\", \"funding\": \"credit\", \"mandate\": null, \"network\": \"visa\", \"exp_year\": 2026, \"exp_month\": 11, \"fingerprint\": \"XPvMNbEcdXe7TopK\", \"overcapture\": {\"status\": \"unavailable\", \"maximum_amount_capturable\": 10000}, \"installments\": null, \"multicapture\": {\"status\": \"unavailable\"}, \"network_token\": {\"used\": false}, \"three_d_secure\": null, \"regulated_status\": \"unregulated\", \"amount_authorized\": 10000, \"authorization_code\": \"267356\", \"extended_authorization\": {\"status\": \"disabled\"}, \"network_transaction_id\": \"888011877789869\", \"incremental_authorization\": {\"status\": \"unavailable\"}}, \"type\": \"card\"}, \"failure_balance_transaction\": null, \"statement_descriptor_suffix\": null, \"calculated_statement_descriptor\": \"Stripe\"}', '2025-11-28 11:21:40', '2025-11-28 11:21:40', '2025-11-28 11:21:40'),
(7, 13, 34, 'ch_3SYVidEDgirLUlQB17JI4jjv', 'tok_visa', 100.00, 'usd', 'succeeded', 'Appointment payment', '{\"name\": \"Test User\", \"exp_year\": \"29\", \"exp_month\": \"02\", \"number_last4\": \"1212\"}', '{\"id\": \"ch_3SYVidEDgirLUlQB17JI4jjv\", \"paid\": true, \"order\": null, \"amount\": 10000, \"object\": \"charge\", \"review\": null, \"source\": {\"id\": \"card_1SYVidEDgirLUlQBEohGfo2u\", \"name\": null, \"brand\": \"Visa\", \"email\": null, \"last4\": \"4242\", \"phone\": null, \"object\": \"card\", \"wallet\": null, \"country\": \"US\", \"funding\": \"credit\", \"customer\": null, \"exp_year\": 2026, \"metadata\": [], \"cvc_check\": \"pass\", \"exp_month\": 11, \"address_zip\": null, \"fingerprint\": \"XPvMNbEcdXe7TopK\", \"address_city\": null, \"address_line1\": null, \"address_line2\": null, \"address_state\": null, \"dynamic_last4\": null, \"address_country\": null, \"allow_redisplay\": \"unspecified\", \"regulated_status\": \"unregulated\", \"address_zip_check\": null, \"address_line1_check\": null, \"tokenization_method\": null}, \"status\": \"succeeded\", \"created\": 1764351871, \"dispute\": null, \"outcome\": {\"type\": \"authorized\", \"reason\": null, \"risk_level\": \"normal\", \"risk_score\": 28, \"advice_code\": null, \"network_status\": \"approved_by_network\", \"seller_message\": \"Payment complete.\", \"network_advice_code\": null, \"network_decline_code\": null}, \"captured\": true, \"currency\": \"usd\", \"customer\": null, \"disputed\": false, \"livemode\": false, \"metadata\": [], \"refunded\": false, \"shipping\": null, \"application\": null, \"description\": \"Appointment payment\", \"destination\": null, \"receipt_url\": \"https://pay.stripe.com/receipts/payment/CAcaFwoVYWNjdF8xU1BmZG1FRGdpckxVbFFCKP--p8kGMgatR5suC2k6LBZ4KgaZf_7SqD5ArGcKtnncmdNQaV7eYlcjCd0r6wTgFWrD2NZlsNGg5YFt\", \"failure_code\": null, \"on_behalf_of\": null, \"fraud_details\": [], \"receipt_email\": null, \"transfer_data\": null, \"payment_intent\": null, \"payment_method\": \"card_1SYVidEDgirLUlQBEohGfo2u\", \"receipt_number\": null, \"transfer_group\": null, \"amount_captured\": 10000, \"amount_refunded\": 0, \"application_fee\": null, \"billing_details\": {\"name\": null, \"email\": null, \"phone\": null, \"tax_id\": null, \"address\": {\"city\": null, \"line1\": null, \"line2\": null, \"state\": null, \"country\": null, \"postal_code\": null}}, \"failure_message\": null, \"source_transfer\": null, \"balance_transaction\": \"txn_3SYVidEDgirLUlQB1jLpsvHV\", \"statement_descriptor\": null, \"application_fee_amount\": null, \"payment_method_details\": {\"card\": {\"brand\": \"visa\", \"last4\": \"4242\", \"checks\": {\"cvc_check\": \"pass\", \"address_line1_check\": null, \"address_postal_code_check\": null}, \"wallet\": null, \"country\": \"US\", \"funding\": \"credit\", \"mandate\": null, \"network\": \"visa\", \"exp_year\": 2026, \"exp_month\": 11, \"fingerprint\": \"XPvMNbEcdXe7TopK\", \"overcapture\": {\"status\": \"unavailable\", \"maximum_amount_capturable\": 10000}, \"installments\": null, \"multicapture\": {\"status\": \"unavailable\"}, \"network_token\": {\"used\": false}, \"three_d_secure\": null, \"regulated_status\": \"unregulated\", \"amount_authorized\": 10000, \"authorization_code\": \"676715\", \"extended_authorization\": {\"status\": \"disabled\"}, \"network_transaction_id\": \"888011877789869\", \"incremental_authorization\": {\"status\": \"unavailable\"}}, \"type\": \"card\"}, \"failure_balance_transaction\": null, \"statement_descriptor_suffix\": null, \"calculated_statement_descriptor\": \"Stripe\"}', '2025-11-28 12:44:34', '2025-11-28 12:44:34', '2025-11-28 12:44:34'),
(8, 13, 35, 'ch_3SYVwGEDgirLUlQB16X4N72w', 'tok_visa', 100.00, 'usd', 'succeeded', 'Appointment payment', '{\"name\": \"Test User\", \"exp_year\": \"29\", \"exp_month\": \"02\", \"number_last4\": \"1212\"}', '{\"id\": \"ch_3SYVwGEDgirLUlQB16X4N72w\", \"paid\": true, \"order\": null, \"amount\": 10000, \"object\": \"charge\", \"review\": null, \"source\": {\"id\": \"card_1SYVwGEDgirLUlQBENOm4DDs\", \"name\": null, \"brand\": \"Visa\", \"email\": null, \"last4\": \"4242\", \"phone\": null, \"object\": \"card\", \"wallet\": null, \"country\": \"US\", \"funding\": \"credit\", \"customer\": null, \"exp_year\": 2026, \"metadata\": [], \"cvc_check\": \"pass\", \"exp_month\": 11, \"address_zip\": null, \"fingerprint\": \"XPvMNbEcdXe7TopK\", \"address_city\": null, \"address_line1\": null, \"address_line2\": null, \"address_state\": null, \"dynamic_last4\": null, \"address_country\": null, \"allow_redisplay\": \"unspecified\", \"regulated_status\": \"unregulated\", \"address_zip_check\": null, \"address_line1_check\": null, \"tokenization_method\": null}, \"status\": \"succeeded\", \"created\": 1764352716, \"dispute\": null, \"outcome\": {\"type\": \"authorized\", \"reason\": null, \"risk_level\": \"normal\", \"risk_score\": 27, \"advice_code\": null, \"network_status\": \"approved_by_network\", \"seller_message\": \"Payment complete.\", \"network_advice_code\": null, \"network_decline_code\": null}, \"captured\": true, \"currency\": \"usd\", \"customer\": null, \"disputed\": false, \"livemode\": false, \"metadata\": [], \"refunded\": false, \"shipping\": null, \"application\": null, \"description\": \"Appointment payment\", \"destination\": null, \"receipt_url\": \"https://pay.stripe.com/receipts/payment/CAcaFwoVYWNjdF8xU1BmZG1FRGdpckxVbFFCKMzFp8kGMgZ4N-vQaaA6LBbMM4UW0L83izJfZ6wYwqSktrJx4BNdWmkzVEiONj28Z0L3p34JLKuGss5_\", \"failure_code\": null, \"on_behalf_of\": null, \"fraud_details\": [], \"receipt_email\": null, \"transfer_data\": null, \"payment_intent\": null, \"payment_method\": \"card_1SYVwGEDgirLUlQBENOm4DDs\", \"receipt_number\": null, \"transfer_group\": null, \"amount_captured\": 10000, \"amount_refunded\": 0, \"application_fee\": null, \"billing_details\": {\"name\": null, \"email\": null, \"phone\": null, \"tax_id\": null, \"address\": {\"city\": null, \"line1\": null, \"line2\": null, \"state\": null, \"country\": null, \"postal_code\": null}}, \"failure_message\": null, \"source_transfer\": null, \"balance_transaction\": \"txn_3SYVwGEDgirLUlQB19XHurJq\", \"statement_descriptor\": null, \"application_fee_amount\": null, \"payment_method_details\": {\"card\": {\"brand\": \"visa\", \"last4\": \"4242\", \"checks\": {\"cvc_check\": \"pass\", \"address_line1_check\": null, \"address_postal_code_check\": null}, \"wallet\": null, \"country\": \"US\", \"funding\": \"credit\", \"mandate\": null, \"network\": \"visa\", \"exp_year\": 2026, \"exp_month\": 11, \"fingerprint\": \"XPvMNbEcdXe7TopK\", \"overcapture\": {\"status\": \"unavailable\", \"maximum_amount_capturable\": 10000}, \"installments\": null, \"multicapture\": {\"status\": \"unavailable\"}, \"network_token\": {\"used\": false}, \"three_d_secure\": null, \"regulated_status\": \"unregulated\", \"amount_authorized\": 10000, \"authorization_code\": \"320839\", \"extended_authorization\": {\"status\": \"disabled\"}, \"network_transaction_id\": \"888011877789869\", \"incremental_authorization\": {\"status\": \"unavailable\"}}, \"type\": \"card\"}, \"failure_balance_transaction\": null, \"statement_descriptor_suffix\": null, \"calculated_statement_descriptor\": \"Stripe\"}', '2025-11-28 12:58:39', '2025-11-28 12:58:39', '2025-11-28 12:58:39'),
(9, 13, 36, 'ch_3SYW3gEDgirLUlQB1j56mfj4', 'tok_visa', 100.00, 'usd', 'succeeded', 'Appointment payment', '{\"name\": \"Anas Nazir\", \"exp_year\": \"29\", \"exp_month\": \"02\", \"number_last4\": \"1212\"}', '{\"id\": \"ch_3SYW3gEDgirLUlQB1j56mfj4\", \"paid\": true, \"order\": null, \"amount\": 10000, \"object\": \"charge\", \"review\": null, \"source\": {\"id\": \"card_1SYW3gEDgirLUlQBC5IvPAdE\", \"name\": null, \"brand\": \"Visa\", \"email\": null, \"last4\": \"4242\", \"phone\": null, \"object\": \"card\", \"wallet\": null, \"country\": \"US\", \"funding\": \"credit\", \"customer\": null, \"exp_year\": 2026, \"metadata\": [], \"cvc_check\": \"pass\", \"exp_month\": 11, \"address_zip\": null, \"fingerprint\": \"XPvMNbEcdXe7TopK\", \"address_city\": null, \"address_line1\": null, \"address_line2\": null, \"address_state\": null, \"dynamic_last4\": null, \"address_country\": null, \"allow_redisplay\": \"unspecified\", \"regulated_status\": \"unregulated\", \"address_zip_check\": null, \"address_line1_check\": null, \"tokenization_method\": null}, \"status\": \"succeeded\", \"created\": 1764353176, \"dispute\": null, \"outcome\": {\"type\": \"authorized\", \"reason\": null, \"risk_level\": \"normal\", \"risk_score\": 54, \"advice_code\": null, \"network_status\": \"approved_by_network\", \"seller_message\": \"Payment complete.\", \"network_advice_code\": null, \"network_decline_code\": null}, \"captured\": true, \"currency\": \"usd\", \"customer\": null, \"disputed\": false, \"livemode\": false, \"metadata\": [], \"refunded\": false, \"shipping\": null, \"application\": null, \"description\": \"Appointment payment\", \"destination\": null, \"receipt_url\": \"https://pay.stripe.com/receipts/payment/CAcaFwoVYWNjdF8xU1BmZG1FRGdpckxVbFFCKJjJp8kGMgaNvOT8hWw6LBbVDpY1tey6h0ypGOPmceJNYgO9hnaOEUVKRNCSaWL2pENpa88qSj7b1R9c\", \"failure_code\": null, \"on_behalf_of\": null, \"fraud_details\": [], \"receipt_email\": null, \"transfer_data\": null, \"payment_intent\": null, \"payment_method\": \"card_1SYW3gEDgirLUlQBC5IvPAdE\", \"receipt_number\": null, \"transfer_group\": null, \"amount_captured\": 10000, \"amount_refunded\": 0, \"application_fee\": null, \"billing_details\": {\"name\": null, \"email\": null, \"phone\": null, \"tax_id\": null, \"address\": {\"city\": null, \"line1\": null, \"line2\": null, \"state\": null, \"country\": null, \"postal_code\": null}}, \"failure_message\": null, \"source_transfer\": null, \"balance_transaction\": \"txn_3SYW3gEDgirLUlQB1pz3OS6X\", \"statement_descriptor\": null, \"application_fee_amount\": null, \"payment_method_details\": {\"card\": {\"brand\": \"visa\", \"last4\": \"4242\", \"checks\": {\"cvc_check\": \"pass\", \"address_line1_check\": null, \"address_postal_code_check\": null}, \"wallet\": null, \"country\": \"US\", \"funding\": \"credit\", \"mandate\": null, \"network\": \"visa\", \"exp_year\": 2026, \"exp_month\": 11, \"fingerprint\": \"XPvMNbEcdXe7TopK\", \"overcapture\": {\"status\": \"unavailable\", \"maximum_amount_capturable\": 10000}, \"installments\": null, \"multicapture\": {\"status\": \"unavailable\"}, \"network_token\": {\"used\": false}, \"three_d_secure\": null, \"regulated_status\": \"unregulated\", \"amount_authorized\": 10000, \"authorization_code\": \"839905\", \"extended_authorization\": {\"status\": \"disabled\"}, \"network_transaction_id\": \"888011877789869\", \"incremental_authorization\": {\"status\": \"unavailable\"}}, \"type\": \"card\"}, \"failure_balance_transaction\": null, \"statement_descriptor_suffix\": null, \"calculated_statement_descriptor\": \"Stripe\"}', '2025-11-28 13:06:19', '2025-11-28 13:06:19', '2025-11-28 13:06:19'),
(10, 13, 37, 'ch_3SaJIQEDgirLUlQB1ZFXCvTN', 'tok_visa', 100.00, 'usd', 'succeeded', 'Appointment payment', '{\"name\": \"Anas Nazir\", \"exp_year\": \"29\", \"exp_month\": \"02\", \"number_last4\": \"1212\"}', '{\"id\": \"ch_3SaJIQEDgirLUlQB1ZFXCvTN\", \"paid\": true, \"order\": null, \"amount\": 10000, \"object\": \"charge\", \"review\": null, \"source\": {\"id\": \"card_1SaJIQEDgirLUlQBUS0QmByH\", \"name\": null, \"brand\": \"Visa\", \"email\": null, \"last4\": \"4242\", \"phone\": null, \"object\": \"card\", \"wallet\": null, \"country\": \"US\", \"funding\": \"credit\", \"customer\": null, \"exp_year\": 2026, \"metadata\": [], \"cvc_check\": \"pass\", \"exp_month\": 12, \"address_zip\": null, \"fingerprint\": \"XPvMNbEcdXe7TopK\", \"address_city\": null, \"address_line1\": null, \"address_line2\": null, \"address_state\": null, \"dynamic_last4\": null, \"address_country\": null, \"allow_redisplay\": \"unspecified\", \"regulated_status\": \"unregulated\", \"address_zip_check\": null, \"address_line1_check\": null, \"tokenization_method\": null}, \"status\": \"succeeded\", \"created\": 1764780774, \"dispute\": null, \"outcome\": {\"type\": \"authorized\", \"reason\": null, \"risk_level\": \"normal\", \"risk_score\": 47, \"advice_code\": null, \"network_status\": \"approved_by_network\", \"seller_message\": \"Payment complete.\", \"network_advice_code\": null, \"network_decline_code\": null}, \"captured\": true, \"currency\": \"usd\", \"customer\": null, \"disputed\": false, \"livemode\": false, \"metadata\": [], \"refunded\": false, \"shipping\": null, \"application\": null, \"description\": \"Appointment payment\", \"destination\": null, \"receipt_url\": \"https://pay.stripe.com/receipts/payment/CAcaFwoVYWNjdF8xU1BmZG1FRGdpckxVbFFCKObVwckGMgYZcVYCRF46LBZBXXkj4mC-LeYF903XD0r6k4HOgkVZr-h_a3EOGH6X2A9z4xIyDMcasmmA\", \"failure_code\": null, \"on_behalf_of\": null, \"fraud_details\": [], \"receipt_email\": null, \"transfer_data\": null, \"payment_intent\": null, \"payment_method\": \"card_1SaJIQEDgirLUlQBUS0QmByH\", \"receipt_number\": null, \"transfer_group\": null, \"amount_captured\": 10000, \"amount_refunded\": 0, \"application_fee\": null, \"billing_details\": {\"name\": null, \"email\": null, \"phone\": null, \"tax_id\": null, \"address\": {\"city\": null, \"line1\": null, \"line2\": null, \"state\": null, \"country\": null, \"postal_code\": null}}, \"failure_message\": null, \"source_transfer\": null, \"balance_transaction\": \"txn_3SaJIQEDgirLUlQB1xpd1sFr\", \"statement_descriptor\": null, \"application_fee_amount\": null, \"payment_method_details\": {\"card\": {\"brand\": \"visa\", \"last4\": \"4242\", \"checks\": {\"cvc_check\": \"pass\", \"address_line1_check\": null, \"address_postal_code_check\": null}, \"wallet\": null, \"country\": \"US\", \"funding\": \"credit\", \"mandate\": null, \"network\": \"visa\", \"exp_year\": 2026, \"exp_month\": 12, \"fingerprint\": \"XPvMNbEcdXe7TopK\", \"overcapture\": {\"status\": \"unavailable\", \"maximum_amount_capturable\": 10000}, \"installments\": null, \"multicapture\": {\"status\": \"unavailable\"}, \"network_token\": {\"used\": false}, \"three_d_secure\": null, \"regulated_status\": \"unregulated\", \"amount_authorized\": 10000, \"authorization_code\": \"176069\", \"extended_authorization\": {\"status\": \"disabled\"}, \"network_transaction_id\": \"888011877789869\", \"incremental_authorization\": {\"status\": \"unavailable\"}}, \"type\": \"card\"}, \"failure_balance_transaction\": null, \"statement_descriptor_suffix\": null, \"calculated_statement_descriptor\": \"Stripe\"}', '2025-12-03 11:53:12', '2025-12-03 11:53:12', '2025-12-03 11:53:12'),
(11, 13, 38, 'ch_3SaJY9EDgirLUlQB0Dq7lIuv', 'tok_visa', 100.00, 'usd', 'succeeded', 'Appointment payment', '{\"name\": \"Test User\", \"exp_year\": \"28\", \"exp_month\": \"02\", \"number_last4\": \"1212\"}', '{\"id\": \"ch_3SaJY9EDgirLUlQB0Dq7lIuv\", \"paid\": true, \"order\": null, \"amount\": 10000, \"object\": \"charge\", \"review\": null, \"source\": {\"id\": \"card_1SaJY9EDgirLUlQBEScUXqfb\", \"name\": null, \"brand\": \"Visa\", \"email\": null, \"last4\": \"4242\", \"phone\": null, \"object\": \"card\", \"wallet\": null, \"country\": \"US\", \"funding\": \"credit\", \"customer\": null, \"exp_year\": 2026, \"metadata\": [], \"cvc_check\": \"pass\", \"exp_month\": 12, \"address_zip\": null, \"fingerprint\": \"XPvMNbEcdXe7TopK\", \"address_city\": null, \"address_line1\": null, \"address_line2\": null, \"address_state\": null, \"dynamic_last4\": null, \"address_country\": null, \"allow_redisplay\": \"unspecified\", \"regulated_status\": \"unregulated\", \"address_zip_check\": null, \"address_line1_check\": null, \"tokenization_method\": null}, \"status\": \"succeeded\", \"created\": 1764781749, \"dispute\": null, \"outcome\": {\"type\": \"authorized\", \"reason\": null, \"risk_level\": \"normal\", \"risk_score\": 50, \"advice_code\": null, \"network_status\": \"approved_by_network\", \"seller_message\": \"Payment complete.\", \"network_advice_code\": null, \"network_decline_code\": null}, \"captured\": true, \"currency\": \"usd\", \"customer\": null, \"disputed\": false, \"livemode\": false, \"metadata\": [], \"refunded\": false, \"shipping\": null, \"application\": null, \"description\": \"Appointment payment\", \"destination\": null, \"receipt_url\": \"https://pay.stripe.com/receipts/payment/CAcaFwoVYWNjdF8xU1BmZG1FRGdpckxVbFFCKLbdwckGMgZPn0cm75k6LBZuu_FQevd9MlQ0cLeXD9aqWaURUrIwd-O8G8jTY5-pw1q0jNm1qCBxGuai\", \"failure_code\": null, \"on_behalf_of\": null, \"fraud_details\": [], \"receipt_email\": null, \"transfer_data\": null, \"payment_intent\": null, \"payment_method\": \"card_1SaJY9EDgirLUlQBEScUXqfb\", \"receipt_number\": null, \"transfer_group\": null, \"amount_captured\": 10000, \"amount_refunded\": 0, \"application_fee\": null, \"billing_details\": {\"name\": null, \"email\": null, \"phone\": null, \"tax_id\": null, \"address\": {\"city\": null, \"line1\": null, \"line2\": null, \"state\": null, \"country\": null, \"postal_code\": null}}, \"failure_message\": null, \"source_transfer\": null, \"balance_transaction\": \"txn_3SaJY9EDgirLUlQB0hCgAhnz\", \"statement_descriptor\": null, \"application_fee_amount\": null, \"payment_method_details\": {\"card\": {\"brand\": \"visa\", \"last4\": \"4242\", \"checks\": {\"cvc_check\": \"pass\", \"address_line1_check\": null, \"address_postal_code_check\": null}, \"wallet\": null, \"country\": \"US\", \"funding\": \"credit\", \"mandate\": null, \"network\": \"visa\", \"exp_year\": 2026, \"exp_month\": 12, \"fingerprint\": \"XPvMNbEcdXe7TopK\", \"overcapture\": {\"status\": \"unavailable\", \"maximum_amount_capturable\": 10000}, \"installments\": null, \"multicapture\": {\"status\": \"unavailable\"}, \"network_token\": {\"used\": false}, \"three_d_secure\": null, \"regulated_status\": \"unregulated\", \"amount_authorized\": 10000, \"authorization_code\": \"490870\", \"extended_authorization\": {\"status\": \"disabled\"}, \"network_transaction_id\": \"888011877789869\", \"incremental_authorization\": {\"status\": \"unavailable\"}}, \"type\": \"card\"}, \"failure_balance_transaction\": null, \"statement_descriptor_suffix\": null, \"calculated_statement_descriptor\": \"Stripe\"}', '2025-12-03 12:09:13', '2025-12-03 12:09:13', '2025-12-03 12:09:13'),
(12, 13, 39, 'ch_3SaJp0EDgirLUlQB0V06OGSY', 'tok_visa', 100.00, 'usd', 'succeeded', 'Appointment payment', '{\"name\": \"Harron Naveed\", \"exp_year\": \"29\", \"exp_month\": \"12\", \"number_last4\": \"1212\"}', '{\"id\": \"ch_3SaJp0EDgirLUlQB0V06OGSY\", \"paid\": true, \"order\": null, \"amount\": 10000, \"object\": \"charge\", \"review\": null, \"source\": {\"id\": \"card_1SaJp0EDgirLUlQBmer51f5V\", \"name\": null, \"brand\": \"Visa\", \"email\": null, \"last4\": \"4242\", \"phone\": null, \"object\": \"card\", \"wallet\": null, \"country\": \"US\", \"funding\": \"credit\", \"customer\": null, \"exp_year\": 2026, \"metadata\": [], \"cvc_check\": \"pass\", \"exp_month\": 12, \"address_zip\": null, \"fingerprint\": \"XPvMNbEcdXe7TopK\", \"address_city\": null, \"address_line1\": null, \"address_line2\": null, \"address_state\": null, \"dynamic_last4\": null, \"address_country\": null, \"allow_redisplay\": \"unspecified\", \"regulated_status\": \"unregulated\", \"address_zip_check\": null, \"address_line1_check\": null, \"tokenization_method\": null}, \"status\": \"succeeded\", \"created\": 1764782794, \"dispute\": null, \"outcome\": {\"type\": \"authorized\", \"reason\": null, \"risk_level\": \"normal\", \"risk_score\": 56, \"advice_code\": null, \"network_status\": \"approved_by_network\", \"seller_message\": \"Payment complete.\", \"network_advice_code\": null, \"network_decline_code\": null}, \"captured\": true, \"currency\": \"usd\", \"customer\": null, \"disputed\": false, \"livemode\": false, \"metadata\": [], \"refunded\": false, \"shipping\": null, \"application\": null, \"description\": \"Appointment payment\", \"destination\": null, \"receipt_url\": \"https://pay.stripe.com/receipts/payment/CAcaFwoVYWNjdF8xU1BmZG1FRGdpckxVbFFCKMrlwckGMgZFnd4vaXA6LBY8jN1RaxkVx-dt5aI6vmHmXmbu-NNS09zHltDtzzTA5ODR-aSsoO51gY8U\", \"failure_code\": null, \"on_behalf_of\": null, \"fraud_details\": [], \"receipt_email\": null, \"transfer_data\": null, \"payment_intent\": null, \"payment_method\": \"card_1SaJp0EDgirLUlQBmer51f5V\", \"receipt_number\": null, \"transfer_group\": null, \"amount_captured\": 10000, \"amount_refunded\": 0, \"application_fee\": null, \"billing_details\": {\"name\": null, \"email\": null, \"phone\": null, \"tax_id\": null, \"address\": {\"city\": null, \"line1\": null, \"line2\": null, \"state\": null, \"country\": null, \"postal_code\": null}}, \"failure_message\": null, \"source_transfer\": null, \"balance_transaction\": \"txn_3SaJp0EDgirLUlQB0JbilRZ6\", \"statement_descriptor\": null, \"application_fee_amount\": null, \"payment_method_details\": {\"card\": {\"brand\": \"visa\", \"last4\": \"4242\", \"checks\": {\"cvc_check\": \"pass\", \"address_line1_check\": null, \"address_postal_code_check\": null}, \"wallet\": null, \"country\": \"US\", \"funding\": \"credit\", \"mandate\": null, \"network\": \"visa\", \"exp_year\": 2026, \"exp_month\": 12, \"fingerprint\": \"XPvMNbEcdXe7TopK\", \"overcapture\": {\"status\": \"unavailable\", \"maximum_amount_capturable\": 10000}, \"installments\": null, \"multicapture\": {\"status\": \"unavailable\"}, \"network_token\": {\"used\": false}, \"three_d_secure\": null, \"regulated_status\": \"unregulated\", \"amount_authorized\": 10000, \"authorization_code\": \"049948\", \"extended_authorization\": {\"status\": \"disabled\"}, \"network_transaction_id\": \"888011877789869\", \"incremental_authorization\": {\"status\": \"unavailable\"}}, \"type\": \"card\"}, \"failure_balance_transaction\": null, \"statement_descriptor_suffix\": null, \"calculated_statement_descriptor\": \"Stripe\"}', '2025-12-03 12:26:38', '2025-12-03 12:26:38', '2025-12-03 12:26:38'),
(13, 13, 40, 'ch_3SaKNhEDgirLUlQB01XBDAnA', 'tok_visa', 100.00, 'usd', 'succeeded', 'Appointment payment', '{\"name\": \"Anas Nazir\", \"exp_year\": \"29\", \"exp_month\": \"12\", \"number_last4\": \"1212\"}', '{\"id\": \"ch_3SaKNhEDgirLUlQB01XBDAnA\", \"paid\": true, \"order\": null, \"amount\": 10000, \"object\": \"charge\", \"review\": null, \"source\": {\"id\": \"card_1SaKNhEDgirLUlQBxEVOV31Y\", \"name\": null, \"brand\": \"Visa\", \"email\": null, \"last4\": \"4242\", \"phone\": null, \"object\": \"card\", \"wallet\": null, \"country\": \"US\", \"funding\": \"credit\", \"customer\": null, \"exp_year\": 2026, \"metadata\": [], \"cvc_check\": \"pass\", \"exp_month\": 12, \"address_zip\": null, \"fingerprint\": \"XPvMNbEcdXe7TopK\", \"address_city\": null, \"address_line1\": null, \"address_line2\": null, \"address_state\": null, \"dynamic_last4\": null, \"address_country\": null, \"allow_redisplay\": \"unspecified\", \"regulated_status\": \"unregulated\", \"address_zip_check\": null, \"address_line1_check\": null, \"tokenization_method\": null}, \"status\": \"succeeded\", \"created\": 1764784945, \"dispute\": null, \"outcome\": {\"type\": \"authorized\", \"reason\": null, \"risk_level\": \"normal\", \"risk_score\": 46, \"advice_code\": null, \"network_status\": \"approved_by_network\", \"seller_message\": \"Payment complete.\", \"network_advice_code\": null, \"network_decline_code\": null}, \"captured\": true, \"currency\": \"usd\", \"customer\": null, \"disputed\": false, \"livemode\": false, \"metadata\": [], \"refunded\": false, \"shipping\": null, \"application\": null, \"description\": \"Appointment payment\", \"destination\": null, \"receipt_url\": \"https://pay.stripe.com/receipts/payment/CAcaFwoVYWNjdF8xU1BmZG1FRGdpckxVbFFCKLH2wckGMgavEE5PSPg6LBYVQZxHutrI2ts8RrGXSd8YjFmhz_k1EQObRXdNhXi_UH_lTa5Pd5Rs4a-G\", \"failure_code\": null, \"on_behalf_of\": null, \"fraud_details\": [], \"receipt_email\": null, \"transfer_data\": null, \"payment_intent\": null, \"payment_method\": \"card_1SaKNhEDgirLUlQBxEVOV31Y\", \"receipt_number\": null, \"transfer_group\": null, \"amount_captured\": 10000, \"amount_refunded\": 0, \"application_fee\": null, \"billing_details\": {\"name\": null, \"email\": null, \"phone\": null, \"tax_id\": null, \"address\": {\"city\": null, \"line1\": null, \"line2\": null, \"state\": null, \"country\": null, \"postal_code\": null}}, \"failure_message\": null, \"source_transfer\": null, \"balance_transaction\": \"txn_3SaKNhEDgirLUlQB09NqdK6u\", \"statement_descriptor\": null, \"application_fee_amount\": null, \"payment_method_details\": {\"card\": {\"brand\": \"visa\", \"last4\": \"4242\", \"checks\": {\"cvc_check\": \"pass\", \"address_line1_check\": null, \"address_postal_code_check\": null}, \"wallet\": null, \"country\": \"US\", \"funding\": \"credit\", \"mandate\": null, \"network\": \"visa\", \"exp_year\": 2026, \"exp_month\": 12, \"fingerprint\": \"XPvMNbEcdXe7TopK\", \"overcapture\": {\"status\": \"unavailable\", \"maximum_amount_capturable\": 10000}, \"installments\": null, \"multicapture\": {\"status\": \"unavailable\"}, \"network_token\": {\"used\": false}, \"three_d_secure\": null, \"regulated_status\": \"unregulated\", \"amount_authorized\": 10000, \"authorization_code\": \"080141\", \"extended_authorization\": {\"status\": \"disabled\"}, \"network_transaction_id\": \"888011877789869\", \"incremental_authorization\": {\"status\": \"unavailable\"}}, \"type\": \"card\"}, \"failure_balance_transaction\": null, \"statement_descriptor_suffix\": null, \"calculated_statement_descriptor\": \"Stripe\"}', '2025-12-03 13:02:29', '2025-12-03 13:02:29', '2025-12-03 13:02:29');
INSERT INTO `payments` (`id`, `patient_id`, `appointment_id`, `stripe_charge_id`, `stripe_token`, `amount`, `currency`, `status`, `description`, `card_details`, `stripe_response`, `processed_at`, `created_at`, `updated_at`) VALUES
(14, 13, 41, 'ch_3SaKZBEDgirLUlQB1Z20rXpU', 'tok_visa', 100.00, 'usd', 'succeeded', 'Appointment payment', '{\"name\": \"Anas Nazir\", \"exp_year\": \"29\", \"exp_month\": \"12\", \"number_last4\": \"1212\"}', '{\"id\": \"ch_3SaKZBEDgirLUlQB1Z20rXpU\", \"paid\": true, \"order\": null, \"amount\": 10000, \"object\": \"charge\", \"review\": null, \"source\": {\"id\": \"card_1SaKZBEDgirLUlQB9d7UN4Gy\", \"name\": null, \"brand\": \"Visa\", \"email\": null, \"last4\": \"4242\", \"phone\": null, \"object\": \"card\", \"wallet\": null, \"country\": \"US\", \"funding\": \"credit\", \"customer\": null, \"exp_year\": 2026, \"metadata\": [], \"cvc_check\": \"pass\", \"exp_month\": 12, \"address_zip\": null, \"fingerprint\": \"XPvMNbEcdXe7TopK\", \"address_city\": null, \"address_line1\": null, \"address_line2\": null, \"address_state\": null, \"dynamic_last4\": null, \"address_country\": null, \"allow_redisplay\": \"unspecified\", \"regulated_status\": \"unregulated\", \"address_zip_check\": null, \"address_line1_check\": null, \"tokenization_method\": null}, \"status\": \"succeeded\", \"created\": 1764785657, \"dispute\": null, \"outcome\": {\"type\": \"authorized\", \"reason\": null, \"risk_level\": \"normal\", \"risk_score\": 2, \"advice_code\": null, \"network_status\": \"approved_by_network\", \"seller_message\": \"Payment complete.\", \"network_advice_code\": null, \"network_decline_code\": null}, \"captured\": true, \"currency\": \"usd\", \"customer\": null, \"disputed\": false, \"livemode\": false, \"metadata\": [], \"refunded\": false, \"shipping\": null, \"application\": null, \"description\": \"Appointment payment\", \"destination\": null, \"receipt_url\": \"https://pay.stripe.com/receipts/payment/CAcaFwoVYWNjdF8xU1BmZG1FRGdpckxVbFFCKPn7wckGMgbtU73ny5M6LBZueuaikvryKiWZa0ltbQEkKwl3c7nA8GudIIey7PmJYr3hJL3Ps2z6rZAK\", \"failure_code\": null, \"on_behalf_of\": null, \"fraud_details\": [], \"receipt_email\": null, \"transfer_data\": null, \"payment_intent\": null, \"payment_method\": \"card_1SaKZBEDgirLUlQB9d7UN4Gy\", \"receipt_number\": null, \"transfer_group\": null, \"amount_captured\": 10000, \"amount_refunded\": 0, \"application_fee\": null, \"billing_details\": {\"name\": null, \"email\": null, \"phone\": null, \"tax_id\": null, \"address\": {\"city\": null, \"line1\": null, \"line2\": null, \"state\": null, \"country\": null, \"postal_code\": null}}, \"failure_message\": null, \"source_transfer\": null, \"balance_transaction\": \"txn_3SaKZBEDgirLUlQB15DBC1tQ\", \"statement_descriptor\": null, \"application_fee_amount\": null, \"payment_method_details\": {\"card\": {\"brand\": \"visa\", \"last4\": \"4242\", \"checks\": {\"cvc_check\": \"pass\", \"address_line1_check\": null, \"address_postal_code_check\": null}, \"wallet\": null, \"country\": \"US\", \"funding\": \"credit\", \"mandate\": null, \"network\": \"visa\", \"exp_year\": 2026, \"exp_month\": 12, \"fingerprint\": \"XPvMNbEcdXe7TopK\", \"overcapture\": {\"status\": \"unavailable\", \"maximum_amount_capturable\": 10000}, \"installments\": null, \"multicapture\": {\"status\": \"unavailable\"}, \"network_token\": {\"used\": false}, \"three_d_secure\": null, \"regulated_status\": \"unregulated\", \"amount_authorized\": 10000, \"authorization_code\": \"648858\", \"extended_authorization\": {\"status\": \"disabled\"}, \"network_transaction_id\": \"888011877789869\", \"incremental_authorization\": {\"status\": \"unavailable\"}}, \"type\": \"card\"}, \"failure_balance_transaction\": null, \"statement_descriptor_suffix\": null, \"calculated_statement_descriptor\": \"Stripe\"}', '2025-12-03 13:14:21', '2025-12-03 13:14:21', '2025-12-03 13:14:21'),
(15, 13, 42, 'ch_3SaKsMEDgirLUlQB1vOW2Y1q', 'tok_visa', 100.00, 'usd', 'succeeded', 'Appointment payment', '{\"name\": \"Anas Nazir\", \"exp_year\": \"29\", \"exp_month\": \"12\", \"number_last4\": \"1212\"}', '{\"id\": \"ch_3SaKsMEDgirLUlQB1vOW2Y1q\", \"paid\": true, \"order\": null, \"amount\": 10000, \"object\": \"charge\", \"review\": null, \"source\": {\"id\": \"card_1SaKsMEDgirLUlQB8LyWOfsl\", \"name\": null, \"brand\": \"Visa\", \"email\": null, \"last4\": \"4242\", \"phone\": null, \"object\": \"card\", \"wallet\": null, \"country\": \"US\", \"funding\": \"credit\", \"customer\": null, \"exp_year\": 2026, \"metadata\": [], \"cvc_check\": \"pass\", \"exp_month\": 12, \"address_zip\": null, \"fingerprint\": \"XPvMNbEcdXe7TopK\", \"address_city\": null, \"address_line1\": null, \"address_line2\": null, \"address_state\": null, \"dynamic_last4\": null, \"address_country\": null, \"allow_redisplay\": \"unspecified\", \"regulated_status\": \"unregulated\", \"address_zip_check\": null, \"address_line1_check\": null, \"tokenization_method\": null}, \"status\": \"succeeded\", \"created\": 1764786846, \"dispute\": null, \"outcome\": {\"type\": \"authorized\", \"reason\": null, \"risk_level\": \"normal\", \"risk_score\": 3, \"advice_code\": null, \"network_status\": \"approved_by_network\", \"seller_message\": \"Payment complete.\", \"network_advice_code\": null, \"network_decline_code\": null}, \"captured\": true, \"currency\": \"usd\", \"customer\": null, \"disputed\": false, \"livemode\": false, \"metadata\": [], \"refunded\": false, \"shipping\": null, \"application\": null, \"description\": \"Appointment payment\", \"destination\": null, \"receipt_url\": \"https://pay.stripe.com/receipts/payment/CAcaFwoVYWNjdF8xU1BmZG1FRGdpckxVbFFCKJ-FwskGMgbltzGhhnc6LBYcZaa-ubvElE0Q2Mr68A4W3wYTqKe7_bOIpYqtgB1JH2TC4hEeuNvvtrXB\", \"failure_code\": null, \"on_behalf_of\": null, \"fraud_details\": [], \"receipt_email\": null, \"transfer_data\": null, \"payment_intent\": null, \"payment_method\": \"card_1SaKsMEDgirLUlQB8LyWOfsl\", \"receipt_number\": null, \"transfer_group\": null, \"amount_captured\": 10000, \"amount_refunded\": 0, \"application_fee\": null, \"billing_details\": {\"name\": null, \"email\": null, \"phone\": null, \"tax_id\": null, \"address\": {\"city\": null, \"line1\": null, \"line2\": null, \"state\": null, \"country\": null, \"postal_code\": null}}, \"failure_message\": null, \"source_transfer\": null, \"balance_transaction\": \"txn_3SaKsMEDgirLUlQB1aRiQPYI\", \"statement_descriptor\": null, \"application_fee_amount\": null, \"payment_method_details\": {\"card\": {\"brand\": \"visa\", \"last4\": \"4242\", \"checks\": {\"cvc_check\": \"pass\", \"address_line1_check\": null, \"address_postal_code_check\": null}, \"wallet\": null, \"country\": \"US\", \"funding\": \"credit\", \"mandate\": null, \"network\": \"visa\", \"exp_year\": 2026, \"exp_month\": 12, \"fingerprint\": \"XPvMNbEcdXe7TopK\", \"overcapture\": {\"status\": \"unavailable\", \"maximum_amount_capturable\": 10000}, \"installments\": null, \"multicapture\": {\"status\": \"unavailable\"}, \"network_token\": {\"used\": false}, \"three_d_secure\": null, \"regulated_status\": \"unregulated\", \"amount_authorized\": 10000, \"authorization_code\": \"782465\", \"extended_authorization\": {\"status\": \"disabled\"}, \"network_transaction_id\": \"888011877789869\", \"incremental_authorization\": {\"status\": \"unavailable\"}}, \"type\": \"card\"}, \"failure_balance_transaction\": null, \"statement_descriptor_suffix\": null, \"calculated_statement_descriptor\": \"Stripe\"}', '2025-12-03 13:34:10', '2025-12-03 13:34:10', '2025-12-03 13:34:10'),
(16, 13, 43, 'ch_3Sae0YEDgirLUlQB0CvMwubX', 'tok_visa', 100.00, 'usd', 'succeeded', 'Appointment payment', '{\"name\": \"Anas Nazir\", \"exp_year\": \"29\", \"exp_month\": \"12\", \"number_last4\": \"1212\"}', '{\"id\": \"ch_3Sae0YEDgirLUlQB0CvMwubX\", \"paid\": true, \"order\": null, \"amount\": 10000, \"object\": \"charge\", \"review\": null, \"source\": {\"id\": \"card_1Sae0YEDgirLUlQB4QXlfkw7\", \"name\": null, \"brand\": \"Visa\", \"email\": null, \"last4\": \"4242\", \"phone\": null, \"object\": \"card\", \"wallet\": null, \"country\": \"US\", \"funding\": \"credit\", \"customer\": null, \"exp_year\": 2026, \"metadata\": [], \"cvc_check\": \"pass\", \"exp_month\": 12, \"address_zip\": null, \"fingerprint\": \"XPvMNbEcdXe7TopK\", \"address_city\": null, \"address_line1\": null, \"address_line2\": null, \"address_state\": null, \"dynamic_last4\": null, \"address_country\": null, \"allow_redisplay\": \"unspecified\", \"regulated_status\": \"unregulated\", \"address_zip_check\": null, \"address_line1_check\": null, \"tokenization_method\": null}, \"status\": \"succeeded\", \"created\": 1764860390, \"dispute\": null, \"outcome\": {\"type\": \"authorized\", \"reason\": null, \"risk_level\": \"normal\", \"risk_score\": 26, \"advice_code\": null, \"network_status\": \"approved_by_network\", \"seller_message\": \"Payment complete.\", \"network_advice_code\": null, \"network_decline_code\": null}, \"captured\": true, \"currency\": \"usd\", \"customer\": null, \"disputed\": false, \"livemode\": false, \"metadata\": [], \"refunded\": false, \"shipping\": null, \"application\": null, \"description\": \"Appointment payment\", \"destination\": null, \"receipt_url\": \"https://pay.stripe.com/receipts/payment/CAcaFwoVYWNjdF8xU1BmZG1FRGdpckxVbFFCKObDxskGMgaqOgwXnFs6LBbOwH6hEZPaB8Vvufz3O-fI8qMKOuFckg2q8iIcSwQ4Pa78IgFj1WuSTjdV\", \"failure_code\": null, \"on_behalf_of\": null, \"fraud_details\": [], \"receipt_email\": null, \"transfer_data\": null, \"payment_intent\": null, \"payment_method\": \"card_1Sae0YEDgirLUlQB4QXlfkw7\", \"receipt_number\": null, \"transfer_group\": null, \"amount_captured\": 10000, \"amount_refunded\": 0, \"application_fee\": null, \"billing_details\": {\"name\": null, \"email\": null, \"phone\": null, \"tax_id\": null, \"address\": {\"city\": null, \"line1\": null, \"line2\": null, \"state\": null, \"country\": null, \"postal_code\": null}}, \"failure_message\": null, \"source_transfer\": null, \"balance_transaction\": \"txn_3Sae0YEDgirLUlQB0qyKyPCZ\", \"statement_descriptor\": null, \"application_fee_amount\": null, \"payment_method_details\": {\"card\": {\"brand\": \"visa\", \"last4\": \"4242\", \"checks\": {\"cvc_check\": \"pass\", \"address_line1_check\": null, \"address_postal_code_check\": null}, \"wallet\": null, \"country\": \"US\", \"funding\": \"credit\", \"mandate\": null, \"network\": \"visa\", \"exp_year\": 2026, \"exp_month\": 12, \"fingerprint\": \"XPvMNbEcdXe7TopK\", \"overcapture\": {\"status\": \"unavailable\", \"maximum_amount_capturable\": 10000}, \"installments\": null, \"multicapture\": {\"status\": \"unavailable\"}, \"network_token\": {\"used\": false}, \"three_d_secure\": null, \"regulated_status\": \"unregulated\", \"amount_authorized\": 10000, \"authorization_code\": \"837068\", \"extended_authorization\": {\"status\": \"disabled\"}, \"network_transaction_id\": \"888011877789869\", \"incremental_authorization\": {\"status\": \"unavailable\"}}, \"type\": \"card\"}, \"failure_balance_transaction\": null, \"statement_descriptor_suffix\": null, \"calculated_statement_descriptor\": \"Stripe\"}', '2025-12-04 10:00:12', '2025-12-04 10:00:12', '2025-12-04 10:00:12'),
(17, 13, NULL, 'ch_3SaeWCEDgirLUlQB07cYYu6a', 'tok_visa', 100.00, 'usd', 'succeeded', 'Appointment payment', '{\"name\": \"Anas Nazir\", \"exp_year\": \"29\", \"exp_month\": \"12\", \"number_last4\": \"1212\"}', '{\"id\": \"ch_3SaeWCEDgirLUlQB07cYYu6a\", \"paid\": true, \"order\": null, \"amount\": 10000, \"object\": \"charge\", \"review\": null, \"source\": {\"id\": \"card_1SaeWCEDgirLUlQBPPNuHDjQ\", \"name\": null, \"brand\": \"Visa\", \"email\": null, \"last4\": \"4242\", \"phone\": null, \"object\": \"card\", \"wallet\": null, \"country\": \"US\", \"funding\": \"credit\", \"customer\": null, \"exp_year\": 2026, \"metadata\": [], \"cvc_check\": \"pass\", \"exp_month\": 12, \"address_zip\": null, \"fingerprint\": \"XPvMNbEcdXe7TopK\", \"address_city\": null, \"address_line1\": null, \"address_line2\": null, \"address_state\": null, \"dynamic_last4\": null, \"address_country\": null, \"allow_redisplay\": \"unspecified\", \"regulated_status\": \"unregulated\", \"address_zip_check\": null, \"address_line1_check\": null, \"tokenization_method\": null}, \"status\": \"succeeded\", \"created\": 1764862352, \"dispute\": null, \"outcome\": {\"type\": \"authorized\", \"reason\": null, \"risk_level\": \"normal\", \"risk_score\": 49, \"advice_code\": null, \"network_status\": \"approved_by_network\", \"seller_message\": \"Payment complete.\", \"network_advice_code\": null, \"network_decline_code\": null}, \"captured\": true, \"currency\": \"usd\", \"customer\": null, \"disputed\": false, \"livemode\": false, \"metadata\": [], \"refunded\": false, \"shipping\": null, \"application\": null, \"description\": \"Appointment payment\", \"destination\": null, \"receipt_url\": \"https://pay.stripe.com/receipts/payment/CAcaFwoVYWNjdF8xU1BmZG1FRGdpckxVbFFCKJDTxskGMgaQnwOp7a06LBayMKaBqNAfw2Y-Q9aIJtQhZi0BizHcxnQEhvXO1IlmyItlYyTotHeRDB4o\", \"failure_code\": null, \"on_behalf_of\": null, \"fraud_details\": [], \"receipt_email\": null, \"transfer_data\": null, \"payment_intent\": null, \"payment_method\": \"card_1SaeWCEDgirLUlQBPPNuHDjQ\", \"receipt_number\": null, \"transfer_group\": null, \"amount_captured\": 10000, \"amount_refunded\": 0, \"application_fee\": null, \"billing_details\": {\"name\": null, \"email\": null, \"phone\": null, \"tax_id\": null, \"address\": {\"city\": null, \"line1\": null, \"line2\": null, \"state\": null, \"country\": null, \"postal_code\": null}}, \"failure_message\": null, \"source_transfer\": null, \"balance_transaction\": \"txn_3SaeWCEDgirLUlQB0QhYvxu3\", \"statement_descriptor\": null, \"application_fee_amount\": null, \"payment_method_details\": {\"card\": {\"brand\": \"visa\", \"last4\": \"4242\", \"checks\": {\"cvc_check\": \"pass\", \"address_line1_check\": null, \"address_postal_code_check\": null}, \"wallet\": null, \"country\": \"US\", \"funding\": \"credit\", \"mandate\": null, \"network\": \"visa\", \"exp_year\": 2026, \"exp_month\": 12, \"fingerprint\": \"XPvMNbEcdXe7TopK\", \"overcapture\": {\"status\": \"unavailable\", \"maximum_amount_capturable\": 10000}, \"installments\": null, \"multicapture\": {\"status\": \"unavailable\"}, \"network_token\": {\"used\": false}, \"three_d_secure\": null, \"regulated_status\": \"unregulated\", \"amount_authorized\": 10000, \"authorization_code\": \"018845\", \"extended_authorization\": {\"status\": \"disabled\"}, \"network_transaction_id\": \"888011877789869\", \"incremental_authorization\": {\"status\": \"unavailable\"}}, \"type\": \"card\"}, \"failure_balance_transaction\": null, \"statement_descriptor_suffix\": null, \"calculated_statement_descriptor\": \"Stripe\"}', '2025-12-04 10:32:37', '2025-12-04 10:32:37', '2025-12-04 10:32:37'),
(18, 13, NULL, 'ch_3SaeWlEDgirLUlQB0suMi8qO', 'tok_visa', 100.00, 'usd', 'succeeded', 'Appointment payment', '{\"name\": \"Anas Nazir\", \"exp_year\": \"29\", \"exp_month\": \"12\", \"number_last4\": \"1212\"}', '{\"id\": \"ch_3SaeWlEDgirLUlQB0suMi8qO\", \"paid\": true, \"order\": null, \"amount\": 10000, \"object\": \"charge\", \"review\": null, \"source\": {\"id\": \"card_1SaeWlEDgirLUlQBZadHMRRf\", \"name\": null, \"brand\": \"Visa\", \"email\": null, \"last4\": \"4242\", \"phone\": null, \"object\": \"card\", \"wallet\": null, \"country\": \"US\", \"funding\": \"credit\", \"customer\": null, \"exp_year\": 2026, \"metadata\": [], \"cvc_check\": \"pass\", \"exp_month\": 12, \"address_zip\": null, \"fingerprint\": \"XPvMNbEcdXe7TopK\", \"address_city\": null, \"address_line1\": null, \"address_line2\": null, \"address_state\": null, \"dynamic_last4\": null, \"address_country\": null, \"allow_redisplay\": \"unspecified\", \"regulated_status\": \"unregulated\", \"address_zip_check\": null, \"address_line1_check\": null, \"tokenization_method\": null}, \"status\": \"succeeded\", \"created\": 1764862387, \"dispute\": null, \"outcome\": {\"type\": \"authorized\", \"reason\": null, \"risk_level\": \"normal\", \"risk_score\": 56, \"advice_code\": null, \"network_status\": \"approved_by_network\", \"seller_message\": \"Payment complete.\", \"network_advice_code\": null, \"network_decline_code\": null}, \"captured\": true, \"currency\": \"usd\", \"customer\": null, \"disputed\": false, \"livemode\": false, \"metadata\": [], \"refunded\": false, \"shipping\": null, \"application\": null, \"description\": \"Appointment payment\", \"destination\": null, \"receipt_url\": \"https://pay.stripe.com/receipts/payment/CAcaFwoVYWNjdF8xU1BmZG1FRGdpckxVbFFCKLPTxskGMgZxUyHdruw6LBb9nHwJI-QCNWJ6gKCxcfAlDlnhVkcgaO9JcRKsGhsNxZ8Siq9RF701UcvG\", \"failure_code\": null, \"on_behalf_of\": null, \"fraud_details\": [], \"receipt_email\": null, \"transfer_data\": null, \"payment_intent\": null, \"payment_method\": \"card_1SaeWlEDgirLUlQBZadHMRRf\", \"receipt_number\": null, \"transfer_group\": null, \"amount_captured\": 10000, \"amount_refunded\": 0, \"application_fee\": null, \"billing_details\": {\"name\": null, \"email\": null, \"phone\": null, \"tax_id\": null, \"address\": {\"city\": null, \"line1\": null, \"line2\": null, \"state\": null, \"country\": null, \"postal_code\": null}}, \"failure_message\": null, \"source_transfer\": null, \"balance_transaction\": \"txn_3SaeWlEDgirLUlQB0KiycPuF\", \"statement_descriptor\": null, \"application_fee_amount\": null, \"payment_method_details\": {\"card\": {\"brand\": \"visa\", \"last4\": \"4242\", \"checks\": {\"cvc_check\": \"pass\", \"address_line1_check\": null, \"address_postal_code_check\": null}, \"wallet\": null, \"country\": \"US\", \"funding\": \"credit\", \"mandate\": null, \"network\": \"visa\", \"exp_year\": 2026, \"exp_month\": 12, \"fingerprint\": \"XPvMNbEcdXe7TopK\", \"overcapture\": {\"status\": \"unavailable\", \"maximum_amount_capturable\": 10000}, \"installments\": null, \"multicapture\": {\"status\": \"unavailable\"}, \"network_token\": {\"used\": false}, \"three_d_secure\": null, \"regulated_status\": \"unregulated\", \"amount_authorized\": 10000, \"authorization_code\": \"452350\", \"extended_authorization\": {\"status\": \"disabled\"}, \"network_transaction_id\": \"888011877789869\", \"incremental_authorization\": {\"status\": \"unavailable\"}}, \"type\": \"card\"}, \"failure_balance_transaction\": null, \"statement_descriptor_suffix\": null, \"calculated_statement_descriptor\": \"Stripe\"}', '2025-12-04 10:33:12', '2025-12-04 10:33:12', '2025-12-04 10:33:12'),
(19, 13, NULL, 'ch_3SaebCEDgirLUlQB0BQN3MLl', 'tok_visa', 100.00, 'usd', 'succeeded', 'Appointment payment', '{\"name\": \"Anas Nazir\", \"exp_year\": \"29\", \"exp_month\": \"09\", \"number_last4\": \"1212\"}', '{\"id\": \"ch_3SaebCEDgirLUlQB0BQN3MLl\", \"paid\": true, \"order\": null, \"amount\": 10000, \"object\": \"charge\", \"review\": null, \"source\": {\"id\": \"card_1SaebCEDgirLUlQBpCLGVkgE\", \"name\": null, \"brand\": \"Visa\", \"email\": null, \"last4\": \"4242\", \"phone\": null, \"object\": \"card\", \"wallet\": null, \"country\": \"US\", \"funding\": \"credit\", \"customer\": null, \"exp_year\": 2026, \"metadata\": [], \"cvc_check\": \"pass\", \"exp_month\": 12, \"address_zip\": null, \"fingerprint\": \"XPvMNbEcdXe7TopK\", \"address_city\": null, \"address_line1\": null, \"address_line2\": null, \"address_state\": null, \"dynamic_last4\": null, \"address_country\": null, \"allow_redisplay\": \"unspecified\", \"regulated_status\": \"unregulated\", \"address_zip_check\": null, \"address_line1_check\": null, \"tokenization_method\": null}, \"status\": \"succeeded\", \"created\": 1764862662, \"dispute\": null, \"outcome\": {\"type\": \"authorized\", \"reason\": null, \"risk_level\": \"normal\", \"risk_score\": 49, \"advice_code\": null, \"network_status\": \"approved_by_network\", \"seller_message\": \"Payment complete.\", \"network_advice_code\": null, \"network_decline_code\": null}, \"captured\": true, \"currency\": \"usd\", \"customer\": null, \"disputed\": false, \"livemode\": false, \"metadata\": [], \"refunded\": false, \"shipping\": null, \"application\": null, \"description\": \"Appointment payment\", \"destination\": null, \"receipt_url\": \"https://pay.stripe.com/receipts/payment/CAcaFwoVYWNjdF8xU1BmZG1FRGdpckxVbFFCKMfVxskGMgaNjRo38306LBZ7L6R6SitC4HPnXi2csgvz43WyJRs-zjSaf1Y0wRMREc_2JCKkgvoYzmz_\", \"failure_code\": null, \"on_behalf_of\": null, \"fraud_details\": [], \"receipt_email\": null, \"transfer_data\": null, \"payment_intent\": null, \"payment_method\": \"card_1SaebCEDgirLUlQBpCLGVkgE\", \"receipt_number\": null, \"transfer_group\": null, \"amount_captured\": 10000, \"amount_refunded\": 0, \"application_fee\": null, \"billing_details\": {\"name\": null, \"email\": null, \"phone\": null, \"tax_id\": null, \"address\": {\"city\": null, \"line1\": null, \"line2\": null, \"state\": null, \"country\": null, \"postal_code\": null}}, \"failure_message\": null, \"source_transfer\": null, \"balance_transaction\": \"txn_3SaebCEDgirLUlQB07o4EAC5\", \"statement_descriptor\": null, \"application_fee_amount\": null, \"payment_method_details\": {\"card\": {\"brand\": \"visa\", \"last4\": \"4242\", \"checks\": {\"cvc_check\": \"pass\", \"address_line1_check\": null, \"address_postal_code_check\": null}, \"wallet\": null, \"country\": \"US\", \"funding\": \"credit\", \"mandate\": null, \"network\": \"visa\", \"exp_year\": 2026, \"exp_month\": 12, \"fingerprint\": \"XPvMNbEcdXe7TopK\", \"overcapture\": {\"status\": \"unavailable\", \"maximum_amount_capturable\": 10000}, \"installments\": null, \"multicapture\": {\"status\": \"unavailable\"}, \"network_token\": {\"used\": false}, \"three_d_secure\": null, \"regulated_status\": \"unregulated\", \"amount_authorized\": 10000, \"authorization_code\": \"382407\", \"extended_authorization\": {\"status\": \"disabled\"}, \"network_transaction_id\": \"888011877789869\", \"incremental_authorization\": {\"status\": \"unavailable\"}}, \"type\": \"card\"}, \"failure_balance_transaction\": null, \"statement_descriptor_suffix\": null, \"calculated_statement_descriptor\": \"Stripe\"}', '2025-12-04 10:37:47', '2025-12-04 10:37:47', '2025-12-04 10:37:47'),
(20, 13, NULL, 'ch_3SaejYEDgirLUlQB0mAbN2Ew', 'tok_visa', 100.00, 'usd', 'succeeded', 'Appointment payment', '{\"name\": \"Test User\", \"exp_year\": \"29\", \"exp_month\": \"12\", \"number_last4\": \"1111\"}', '{\"id\": \"ch_3SaejYEDgirLUlQB0mAbN2Ew\", \"paid\": true, \"order\": null, \"amount\": 10000, \"object\": \"charge\", \"review\": null, \"source\": {\"id\": \"card_1SaejYEDgirLUlQBvG98Yij7\", \"name\": null, \"brand\": \"Visa\", \"email\": null, \"last4\": \"4242\", \"phone\": null, \"object\": \"card\", \"wallet\": null, \"country\": \"US\", \"funding\": \"credit\", \"customer\": null, \"exp_year\": 2026, \"metadata\": [], \"cvc_check\": \"pass\", \"exp_month\": 12, \"address_zip\": null, \"fingerprint\": \"XPvMNbEcdXe7TopK\", \"address_city\": null, \"address_line1\": null, \"address_line2\": null, \"address_state\": null, \"dynamic_last4\": null, \"address_country\": null, \"allow_redisplay\": \"unspecified\", \"regulated_status\": \"unregulated\", \"address_zip_check\": null, \"address_line1_check\": null, \"tokenization_method\": null}, \"status\": \"succeeded\", \"created\": 1764863180, \"dispute\": null, \"outcome\": {\"type\": \"authorized\", \"reason\": null, \"risk_level\": \"normal\", \"risk_score\": 53, \"advice_code\": null, \"network_status\": \"approved_by_network\", \"seller_message\": \"Payment complete.\", \"network_advice_code\": null, \"network_decline_code\": null}, \"captured\": true, \"currency\": \"usd\", \"customer\": null, \"disputed\": false, \"livemode\": false, \"metadata\": [], \"refunded\": false, \"shipping\": null, \"application\": null, \"description\": \"Appointment payment\", \"destination\": null, \"receipt_url\": \"https://pay.stripe.com/receipts/payment/CAcaFwoVYWNjdF8xU1BmZG1FRGdpckxVbFFCKM3ZxskGMgY4xkQlGhw6LBaGVkoW1X1M3khdKiGvLd9Qqjnbo-QMKkwoWKwNx7193Kd1W2nycbV_fhut\", \"failure_code\": null, \"on_behalf_of\": null, \"fraud_details\": [], \"receipt_email\": null, \"transfer_data\": null, \"payment_intent\": null, \"payment_method\": \"card_1SaejYEDgirLUlQBvG98Yij7\", \"receipt_number\": null, \"transfer_group\": null, \"amount_captured\": 10000, \"amount_refunded\": 0, \"application_fee\": null, \"billing_details\": {\"name\": null, \"email\": null, \"phone\": null, \"tax_id\": null, \"address\": {\"city\": null, \"line1\": null, \"line2\": null, \"state\": null, \"country\": null, \"postal_code\": null}}, \"failure_message\": null, \"source_transfer\": null, \"balance_transaction\": \"txn_3SaejYEDgirLUlQB0Sf3aurE\", \"statement_descriptor\": null, \"application_fee_amount\": null, \"payment_method_details\": {\"card\": {\"brand\": \"visa\", \"last4\": \"4242\", \"checks\": {\"cvc_check\": \"pass\", \"address_line1_check\": null, \"address_postal_code_check\": null}, \"wallet\": null, \"country\": \"US\", \"funding\": \"credit\", \"mandate\": null, \"network\": \"visa\", \"exp_year\": 2026, \"exp_month\": 12, \"fingerprint\": \"XPvMNbEcdXe7TopK\", \"overcapture\": {\"status\": \"unavailable\", \"maximum_amount_capturable\": 10000}, \"installments\": null, \"multicapture\": {\"status\": \"unavailable\"}, \"network_token\": {\"used\": false}, \"three_d_secure\": null, \"regulated_status\": \"unregulated\", \"amount_authorized\": 10000, \"authorization_code\": \"823149\", \"extended_authorization\": {\"status\": \"disabled\"}, \"network_transaction_id\": \"888011877789869\", \"incremental_authorization\": {\"status\": \"unavailable\"}}, \"type\": \"card\"}, \"failure_balance_transaction\": null, \"statement_descriptor_suffix\": null, \"calculated_statement_descriptor\": \"Stripe\"}', '2025-12-04 10:46:25', '2025-12-04 10:46:25', '2025-12-04 10:46:25'),
(21, 13, 44, 'ch_3SaermEDgirLUlQB1rZlk2XP', 'tok_visa', 100.00, 'usd', 'succeeded', 'Appointment payment', '{\"name\": \"Anas Nazir\", \"exp_year\": \"30\", \"exp_month\": \"02\", \"number_last4\": \"1111\"}', '{\"id\": \"ch_3SaermEDgirLUlQB1rZlk2XP\", \"paid\": true, \"order\": null, \"amount\": 10000, \"object\": \"charge\", \"review\": null, \"source\": {\"id\": \"card_1SaermEDgirLUlQBHhyiGy0a\", \"name\": null, \"brand\": \"Visa\", \"email\": null, \"last4\": \"4242\", \"phone\": null, \"object\": \"card\", \"wallet\": null, \"country\": \"US\", \"funding\": \"credit\", \"customer\": null, \"exp_year\": 2026, \"metadata\": [], \"cvc_check\": \"pass\", \"exp_month\": 12, \"address_zip\": null, \"fingerprint\": \"XPvMNbEcdXe7TopK\", \"address_city\": null, \"address_line1\": null, \"address_line2\": null, \"address_state\": null, \"dynamic_last4\": null, \"address_country\": null, \"allow_redisplay\": \"unspecified\", \"regulated_status\": \"unregulated\", \"address_zip_check\": null, \"address_line1_check\": null, \"tokenization_method\": null}, \"status\": \"succeeded\", \"created\": 1764863690, \"dispute\": null, \"outcome\": {\"type\": \"authorized\", \"reason\": null, \"risk_level\": \"normal\", \"risk_score\": 49, \"advice_code\": null, \"network_status\": \"approved_by_network\", \"seller_message\": \"Payment complete.\", \"network_advice_code\": null, \"network_decline_code\": null}, \"captured\": true, \"currency\": \"usd\", \"customer\": null, \"disputed\": false, \"livemode\": false, \"metadata\": [], \"refunded\": false, \"shipping\": null, \"application\": null, \"description\": \"Appointment payment\", \"destination\": null, \"receipt_url\": \"https://pay.stripe.com/receipts/payment/CAcaFwoVYWNjdF8xU1BmZG1FRGdpckxVbFFCKMrdxskGMgaX7yoIT9s6LBa4rD9z5y9MvtDEqkA1q_pkBuO7AATQGOr8hElhB7idXd15N9r3tAfJCDhE\", \"failure_code\": null, \"on_behalf_of\": null, \"fraud_details\": [], \"receipt_email\": null, \"transfer_data\": null, \"payment_intent\": null, \"payment_method\": \"card_1SaermEDgirLUlQBHhyiGy0a\", \"receipt_number\": null, \"transfer_group\": null, \"amount_captured\": 10000, \"amount_refunded\": 0, \"application_fee\": null, \"billing_details\": {\"name\": null, \"email\": null, \"phone\": null, \"tax_id\": null, \"address\": {\"city\": null, \"line1\": null, \"line2\": null, \"state\": null, \"country\": null, \"postal_code\": null}}, \"failure_message\": null, \"source_transfer\": null, \"balance_transaction\": \"txn_3SaermEDgirLUlQB17kY3wnw\", \"statement_descriptor\": null, \"application_fee_amount\": null, \"payment_method_details\": {\"card\": {\"brand\": \"visa\", \"last4\": \"4242\", \"checks\": {\"cvc_check\": \"pass\", \"address_line1_check\": null, \"address_postal_code_check\": null}, \"wallet\": null, \"country\": \"US\", \"funding\": \"credit\", \"mandate\": null, \"network\": \"visa\", \"exp_year\": 2026, \"exp_month\": 12, \"fingerprint\": \"XPvMNbEcdXe7TopK\", \"overcapture\": {\"status\": \"unavailable\", \"maximum_amount_capturable\": 10000}, \"installments\": null, \"multicapture\": {\"status\": \"unavailable\"}, \"network_token\": {\"used\": false}, \"three_d_secure\": null, \"regulated_status\": \"unregulated\", \"amount_authorized\": 10000, \"authorization_code\": \"652921\", \"extended_authorization\": {\"status\": \"disabled\"}, \"network_transaction_id\": \"888011877789869\", \"incremental_authorization\": {\"status\": \"unavailable\"}}, \"type\": \"card\"}, \"failure_balance_transaction\": null, \"statement_descriptor_suffix\": null, \"calculated_statement_descriptor\": \"Stripe\"}', '2025-12-04 10:54:56', '2025-12-04 10:54:56', '2025-12-04 10:54:56'),
(22, 13, 45, 'ch_3SaetHEDgirLUlQB0W3FYcJ3', 'tok_visa', 100.00, 'usd', 'succeeded', 'Appointment payment', '{\"name\": \"Anas Nazir\", \"exp_year\": \"30\", \"exp_month\": \"12\", \"number_last4\": \"1111\"}', '{\"id\": \"ch_3SaetHEDgirLUlQB0W3FYcJ3\", \"paid\": true, \"order\": null, \"amount\": 10000, \"object\": \"charge\", \"review\": null, \"source\": {\"id\": \"card_1SaetHEDgirLUlQBdQECLhsV\", \"name\": null, \"brand\": \"Visa\", \"email\": null, \"last4\": \"4242\", \"phone\": null, \"object\": \"card\", \"wallet\": null, \"country\": \"US\", \"funding\": \"credit\", \"customer\": null, \"exp_year\": 2026, \"metadata\": [], \"cvc_check\": \"pass\", \"exp_month\": 12, \"address_zip\": null, \"fingerprint\": \"XPvMNbEcdXe7TopK\", \"address_city\": null, \"address_line1\": null, \"address_line2\": null, \"address_state\": null, \"dynamic_last4\": null, \"address_country\": null, \"allow_redisplay\": \"unspecified\", \"regulated_status\": \"unregulated\", \"address_zip_check\": null, \"address_line1_check\": null, \"tokenization_method\": null}, \"status\": \"succeeded\", \"created\": 1764863783, \"dispute\": null, \"outcome\": {\"type\": \"authorized\", \"reason\": null, \"risk_level\": \"normal\", \"risk_score\": 6, \"advice_code\": null, \"network_status\": \"approved_by_network\", \"seller_message\": \"Payment complete.\", \"network_advice_code\": null, \"network_decline_code\": null}, \"captured\": true, \"currency\": \"usd\", \"customer\": null, \"disputed\": false, \"livemode\": false, \"metadata\": [], \"refunded\": false, \"shipping\": null, \"application\": null, \"description\": \"Appointment payment\", \"destination\": null, \"receipt_url\": \"https://pay.stripe.com/receipts/payment/CAcaFwoVYWNjdF8xU1BmZG1FRGdpckxVbFFCKKfexskGMgZJKNgIpzo6LBbZjn9RXZMESnhxO4CQe7OASMZ9uMave7b1kL1CoTAxIbdxK4VAcMunKXm9\", \"failure_code\": null, \"on_behalf_of\": null, \"fraud_details\": [], \"receipt_email\": null, \"transfer_data\": null, \"payment_intent\": null, \"payment_method\": \"card_1SaetHEDgirLUlQBdQECLhsV\", \"receipt_number\": null, \"transfer_group\": null, \"amount_captured\": 10000, \"amount_refunded\": 0, \"application_fee\": null, \"billing_details\": {\"name\": null, \"email\": null, \"phone\": null, \"tax_id\": null, \"address\": {\"city\": null, \"line1\": null, \"line2\": null, \"state\": null, \"country\": null, \"postal_code\": null}}, \"failure_message\": null, \"source_transfer\": null, \"balance_transaction\": \"txn_3SaetHEDgirLUlQB0Q6CE8Li\", \"statement_descriptor\": null, \"application_fee_amount\": null, \"payment_method_details\": {\"card\": {\"brand\": \"visa\", \"last4\": \"4242\", \"checks\": {\"cvc_check\": \"pass\", \"address_line1_check\": null, \"address_postal_code_check\": null}, \"wallet\": null, \"country\": \"US\", \"funding\": \"credit\", \"mandate\": null, \"network\": \"visa\", \"exp_year\": 2026, \"exp_month\": 12, \"fingerprint\": \"XPvMNbEcdXe7TopK\", \"overcapture\": {\"status\": \"unavailable\", \"maximum_amount_capturable\": 10000}, \"installments\": null, \"multicapture\": {\"status\": \"unavailable\"}, \"network_token\": {\"used\": false}, \"three_d_secure\": null, \"regulated_status\": \"unregulated\", \"amount_authorized\": 10000, \"authorization_code\": \"417722\", \"extended_authorization\": {\"status\": \"disabled\"}, \"network_transaction_id\": \"888011877789869\", \"incremental_authorization\": {\"status\": \"unavailable\"}}, \"type\": \"card\"}, \"failure_balance_transaction\": null, \"statement_descriptor_suffix\": null, \"calculated_statement_descriptor\": \"Stripe\"}', '2025-12-04 10:56:28', '2025-12-04 10:56:28', '2025-12-04 10:56:28'),
(23, 13, 46, 'ch_3Sb1h1EDgirLUlQB1mMOQKKn', 'tok_visa', 100.00, 'usd', 'succeeded', 'Appointment payment', '{\"name\": \"Test User\", \"exp_year\": \"29\", \"exp_month\": \"12\", \"number_last4\": \"1212\"}', '{\"id\": \"ch_3Sb1h1EDgirLUlQB1mMOQKKn\", \"paid\": true, \"order\": null, \"amount\": 10000, \"object\": \"charge\", \"review\": null, \"source\": {\"id\": \"card_1Sb1h1EDgirLUlQBND46SPil\", \"name\": null, \"brand\": \"Visa\", \"email\": null, \"last4\": \"4242\", \"phone\": null, \"object\": \"card\", \"wallet\": null, \"country\": \"US\", \"funding\": \"credit\", \"customer\": null, \"exp_year\": 2026, \"metadata\": [], \"cvc_check\": \"pass\", \"exp_month\": 12, \"address_zip\": null, \"fingerprint\": \"XPvMNbEcdXe7TopK\", \"address_city\": null, \"address_line1\": null, \"address_line2\": null, \"address_state\": null, \"dynamic_last4\": null, \"address_country\": null, \"allow_redisplay\": \"unspecified\", \"regulated_status\": \"unregulated\", \"address_zip_check\": null, \"address_line1_check\": null, \"tokenization_method\": null}, \"status\": \"succeeded\", \"created\": 1764951435, \"dispute\": null, \"outcome\": {\"type\": \"authorized\", \"reason\": null, \"risk_level\": \"normal\", \"risk_score\": 14, \"advice_code\": null, \"network_status\": \"approved_by_network\", \"seller_message\": \"Payment complete.\", \"network_advice_code\": null, \"network_decline_code\": null}, \"captured\": true, \"currency\": \"usd\", \"customer\": null, \"disputed\": false, \"livemode\": false, \"metadata\": [], \"refunded\": false, \"shipping\": null, \"application\": null, \"description\": \"Appointment payment\", \"destination\": null, \"receipt_url\": \"https://pay.stripe.com/receipts/payment/CAcaFwoVYWNjdF8xU1BmZG1FRGdpckxVbFFCKIuLzMkGMgZtkaS_NYo6LBZ0_mqcFTv7LNu0moIz5Y7rVRVmRandvKx0fAqtgvyzSz6Z_Cbxk_Pj006K\", \"failure_code\": null, \"on_behalf_of\": null, \"fraud_details\": [], \"receipt_email\": null, \"transfer_data\": null, \"payment_intent\": null, \"payment_method\": \"card_1Sb1h1EDgirLUlQBND46SPil\", \"receipt_number\": null, \"transfer_group\": null, \"amount_captured\": 10000, \"amount_refunded\": 0, \"application_fee\": null, \"billing_details\": {\"name\": null, \"email\": null, \"phone\": null, \"tax_id\": null, \"address\": {\"city\": null, \"line1\": null, \"line2\": null, \"state\": null, \"country\": null, \"postal_code\": null}}, \"failure_message\": null, \"source_transfer\": null, \"balance_transaction\": \"txn_3Sb1h1EDgirLUlQB1DWM8QTq\", \"statement_descriptor\": null, \"application_fee_amount\": null, \"payment_method_details\": {\"card\": {\"brand\": \"visa\", \"last4\": \"4242\", \"checks\": {\"cvc_check\": \"pass\", \"address_line1_check\": null, \"address_postal_code_check\": null}, \"wallet\": null, \"country\": \"US\", \"funding\": \"credit\", \"mandate\": null, \"network\": \"visa\", \"exp_year\": 2026, \"exp_month\": 12, \"fingerprint\": \"XPvMNbEcdXe7TopK\", \"overcapture\": {\"status\": \"unavailable\", \"maximum_amount_capturable\": 10000}, \"installments\": null, \"multicapture\": {\"status\": \"unavailable\"}, \"network_token\": {\"used\": false}, \"three_d_secure\": null, \"regulated_status\": \"unregulated\", \"amount_authorized\": 10000, \"authorization_code\": \"376053\", \"extended_authorization\": {\"status\": \"disabled\"}, \"network_transaction_id\": \"888011877789869\", \"incremental_authorization\": {\"status\": \"unavailable\"}}, \"type\": \"card\"}, \"failure_balance_transaction\": null, \"statement_descriptor_suffix\": null, \"calculated_statement_descriptor\": \"Stripe\"}', '2025-12-05 11:17:22', '2025-12-05 11:17:22', '2025-12-05 11:17:22'),
(24, 13, NULL, 'ch_3Sb2FMEDgirLUlQB0LBzwdhF', 'tok_visa', 100.00, 'usd', 'succeeded', 'Appointment payment', '{\"name\": \"Anas Nazir\", \"exp_year\": \"29\", \"exp_month\": \"12\", \"number_last4\": \"1111\"}', '{\"id\": \"ch_3Sb2FMEDgirLUlQB0LBzwdhF\", \"paid\": true, \"order\": null, \"amount\": 10000, \"object\": \"charge\", \"review\": null, \"source\": {\"id\": \"card_1Sb2FMEDgirLUlQBeI6G9D2x\", \"name\": null, \"brand\": \"Visa\", \"email\": null, \"last4\": \"4242\", \"phone\": null, \"object\": \"card\", \"wallet\": null, \"country\": \"US\", \"funding\": \"credit\", \"customer\": null, \"exp_year\": 2026, \"metadata\": [], \"cvc_check\": \"pass\", \"exp_month\": 12, \"address_zip\": null, \"fingerprint\": \"XPvMNbEcdXe7TopK\", \"address_city\": null, \"address_line1\": null, \"address_line2\": null, \"address_state\": null, \"dynamic_last4\": null, \"address_country\": null, \"allow_redisplay\": \"unspecified\", \"regulated_status\": \"unregulated\", \"address_zip_check\": null, \"address_line1_check\": null, \"tokenization_method\": null}, \"status\": \"succeeded\", \"created\": 1764953564, \"dispute\": null, \"outcome\": {\"type\": \"authorized\", \"reason\": null, \"risk_level\": \"normal\", \"risk_score\": 30, \"advice_code\": null, \"network_status\": \"approved_by_network\", \"seller_message\": \"Payment complete.\", \"network_advice_code\": null, \"network_decline_code\": null}, \"captured\": true, \"currency\": \"usd\", \"customer\": null, \"disputed\": false, \"livemode\": false, \"metadata\": [], \"refunded\": false, \"shipping\": null, \"application\": null, \"description\": \"Appointment payment\", \"destination\": null, \"receipt_url\": \"https://pay.stripe.com/receipts/payment/CAcaFwoVYWNjdF8xU1BmZG1FRGdpckxVbFFCKN2bzMkGMgZSTDjQ-_Q6LBZdMFLMxSBCIrX2_wtxhRyoqBT7OQHEQkD-D1ohJ1VYV9VgHDv1REPK6CIh\", \"failure_code\": null, \"on_behalf_of\": null, \"fraud_details\": [], \"receipt_email\": null, \"transfer_data\": null, \"payment_intent\": null, \"payment_method\": \"card_1Sb2FMEDgirLUlQBeI6G9D2x\", \"receipt_number\": null, \"transfer_group\": null, \"amount_captured\": 10000, \"amount_refunded\": 0, \"application_fee\": null, \"billing_details\": {\"name\": null, \"email\": null, \"phone\": null, \"tax_id\": null, \"address\": {\"city\": null, \"line1\": null, \"line2\": null, \"state\": null, \"country\": null, \"postal_code\": null}}, \"failure_message\": null, \"source_transfer\": null, \"balance_transaction\": \"txn_3Sb2FMEDgirLUlQB0BHJhNTr\", \"statement_descriptor\": null, \"application_fee_amount\": null, \"payment_method_details\": {\"card\": {\"brand\": \"visa\", \"last4\": \"4242\", \"checks\": {\"cvc_check\": \"pass\", \"address_line1_check\": null, \"address_postal_code_check\": null}, \"wallet\": null, \"country\": \"US\", \"funding\": \"credit\", \"mandate\": null, \"network\": \"visa\", \"exp_year\": 2026, \"exp_month\": 12, \"fingerprint\": \"XPvMNbEcdXe7TopK\", \"overcapture\": {\"status\": \"unavailable\", \"maximum_amount_capturable\": 10000}, \"installments\": null, \"multicapture\": {\"status\": \"unavailable\"}, \"network_token\": {\"used\": false}, \"three_d_secure\": null, \"regulated_status\": \"unregulated\", \"amount_authorized\": 10000, \"authorization_code\": \"368452\", \"extended_authorization\": {\"status\": \"disabled\"}, \"network_transaction_id\": \"888011877789869\", \"incremental_authorization\": {\"status\": \"unavailable\"}}, \"type\": \"card\"}, \"failure_balance_transaction\": null, \"statement_descriptor_suffix\": null, \"calculated_statement_descriptor\": \"Stripe\"}', '2025-12-05 11:52:52', '2025-12-05 11:52:52', '2025-12-05 11:52:52'),
(25, 13, 47, 'ch_3Sb2G2EDgirLUlQB1rVkm5TO', 'tok_visa', 100.00, 'usd', 'succeeded', 'Appointment payment', '{\"name\": \"Anas Nazir\", \"exp_year\": \"29\", \"exp_month\": \"12\", \"number_last4\": \"1111\"}', '{\"id\": \"ch_3Sb2G2EDgirLUlQB1rVkm5TO\", \"paid\": true, \"order\": null, \"amount\": 10000, \"object\": \"charge\", \"review\": null, \"source\": {\"id\": \"card_1Sb2G2EDgirLUlQBHP3IheWU\", \"name\": null, \"brand\": \"Visa\", \"email\": null, \"last4\": \"4242\", \"phone\": null, \"object\": \"card\", \"wallet\": null, \"country\": \"US\", \"funding\": \"credit\", \"customer\": null, \"exp_year\": 2026, \"metadata\": [], \"cvc_check\": \"pass\", \"exp_month\": 12, \"address_zip\": null, \"fingerprint\": \"XPvMNbEcdXe7TopK\", \"address_city\": null, \"address_line1\": null, \"address_line2\": null, \"address_state\": null, \"dynamic_last4\": null, \"address_country\": null, \"allow_redisplay\": \"unspecified\", \"regulated_status\": \"unregulated\", \"address_zip_check\": null, \"address_line1_check\": null, \"tokenization_method\": null}, \"status\": \"succeeded\", \"created\": 1764953606, \"dispute\": null, \"outcome\": {\"type\": \"authorized\", \"reason\": null, \"risk_level\": \"normal\", \"risk_score\": 54, \"advice_code\": null, \"network_status\": \"approved_by_network\", \"seller_message\": \"Payment complete.\", \"network_advice_code\": null, \"network_decline_code\": null}, \"captured\": true, \"currency\": \"usd\", \"customer\": null, \"disputed\": false, \"livemode\": false, \"metadata\": [], \"refunded\": false, \"shipping\": null, \"application\": null, \"description\": \"Appointment payment\", \"destination\": null, \"receipt_url\": \"https://pay.stripe.com/receipts/payment/CAcaFwoVYWNjdF8xU1BmZG1FRGdpckxVbFFCKIaczMkGMgaBXr8tkwc6LBbq6oHspZ2dpOQVHwgndkkzPQ1_eNt7SvxryO_gh21ibSIum28lOoV5L9vJ\", \"failure_code\": null, \"on_behalf_of\": null, \"fraud_details\": [], \"receipt_email\": null, \"transfer_data\": null, \"payment_intent\": null, \"payment_method\": \"card_1Sb2G2EDgirLUlQBHP3IheWU\", \"receipt_number\": null, \"transfer_group\": null, \"amount_captured\": 10000, \"amount_refunded\": 0, \"application_fee\": null, \"billing_details\": {\"name\": null, \"email\": null, \"phone\": null, \"tax_id\": null, \"address\": {\"city\": null, \"line1\": null, \"line2\": null, \"state\": null, \"country\": null, \"postal_code\": null}}, \"failure_message\": null, \"source_transfer\": null, \"balance_transaction\": \"txn_3Sb2G2EDgirLUlQB1cjxznAl\", \"statement_descriptor\": null, \"application_fee_amount\": null, \"payment_method_details\": {\"card\": {\"brand\": \"visa\", \"last4\": \"4242\", \"checks\": {\"cvc_check\": \"pass\", \"address_line1_check\": null, \"address_postal_code_check\": null}, \"wallet\": null, \"country\": \"US\", \"funding\": \"credit\", \"mandate\": null, \"network\": \"visa\", \"exp_year\": 2026, \"exp_month\": 12, \"fingerprint\": \"XPvMNbEcdXe7TopK\", \"overcapture\": {\"status\": \"unavailable\", \"maximum_amount_capturable\": 10000}, \"installments\": null, \"multicapture\": {\"status\": \"unavailable\"}, \"network_token\": {\"used\": false}, \"three_d_secure\": null, \"regulated_status\": \"unregulated\", \"amount_authorized\": 10000, \"authorization_code\": \"471141\", \"extended_authorization\": {\"status\": \"disabled\"}, \"network_transaction_id\": \"888011877789869\", \"incremental_authorization\": {\"status\": \"unavailable\"}}, \"type\": \"card\"}, \"failure_balance_transaction\": null, \"statement_descriptor_suffix\": null, \"calculated_statement_descriptor\": \"Stripe\"}', '2025-12-05 11:53:32', '2025-12-05 11:53:32', '2025-12-05 11:53:32'),
(26, 14, 48, 'ch_3Sc5vDEDgirLUlQB0MN23Am5', 'tok_visa', 100.00, 'usd', 'succeeded', 'Appointment payment', '{\"name\": \"Anas Nazir\", \"exp_year\": \"29\", \"exp_month\": \"12\", \"number_last4\": \"1111\"}', '{\"id\": \"ch_3Sc5vDEDgirLUlQB0MN23Am5\", \"paid\": true, \"order\": null, \"amount\": 10000, \"object\": \"charge\", \"review\": null, \"source\": {\"id\": \"card_1Sc5vDEDgirLUlQBQst7Jjm8\", \"name\": null, \"brand\": \"Visa\", \"email\": null, \"last4\": \"4242\", \"phone\": null, \"object\": \"card\", \"wallet\": null, \"country\": \"US\", \"funding\": \"credit\", \"customer\": null, \"exp_year\": 2026, \"metadata\": [], \"cvc_check\": \"pass\", \"exp_month\": 12, \"address_zip\": null, \"fingerprint\": \"XPvMNbEcdXe7TopK\", \"address_city\": null, \"address_line1\": null, \"address_line2\": null, \"address_state\": null, \"dynamic_last4\": null, \"address_country\": null, \"allow_redisplay\": \"unspecified\", \"regulated_status\": \"unregulated\", \"address_zip_check\": null, \"address_line1_check\": null, \"tokenization_method\": null}, \"status\": \"succeeded\", \"created\": 1765206019, \"dispute\": null, \"outcome\": {\"type\": \"authorized\", \"reason\": null, \"risk_level\": \"normal\", \"risk_score\": 44, \"advice_code\": null, \"network_status\": \"approved_by_network\", \"seller_message\": \"Payment complete.\", \"network_advice_code\": null, \"network_decline_code\": null}, \"captured\": true, \"currency\": \"usd\", \"customer\": null, \"disputed\": false, \"livemode\": false, \"metadata\": [], \"refunded\": false, \"shipping\": null, \"application\": null, \"description\": \"Appointment payment\", \"destination\": null, \"receipt_url\": \"https://pay.stripe.com/receipts/payment/CAcaFwoVYWNjdF8xU1BmZG1FRGdpckxVbFFCKIPQ28kGMgbHqIvB17k6LBbvA1BHem9AFW-ROCnjJjX-pwiFsOux8XQlV9pbz3TUWQppeIagsckLtSQl\", \"failure_code\": null, \"on_behalf_of\": null, \"fraud_details\": [], \"receipt_email\": null, \"transfer_data\": null, \"payment_intent\": null, \"payment_method\": \"card_1Sc5vDEDgirLUlQBQst7Jjm8\", \"receipt_number\": null, \"transfer_group\": null, \"amount_captured\": 10000, \"amount_refunded\": 0, \"application_fee\": null, \"billing_details\": {\"name\": null, \"email\": null, \"phone\": null, \"tax_id\": null, \"address\": {\"city\": null, \"line1\": null, \"line2\": null, \"state\": null, \"country\": null, \"postal_code\": null}}, \"failure_message\": null, \"source_transfer\": null, \"balance_transaction\": \"txn_3Sc5vDEDgirLUlQB0LJZXPot\", \"statement_descriptor\": null, \"application_fee_amount\": null, \"payment_method_details\": {\"card\": {\"brand\": \"visa\", \"last4\": \"4242\", \"checks\": {\"cvc_check\": \"pass\", \"address_line1_check\": null, \"address_postal_code_check\": null}, \"wallet\": null, \"country\": \"US\", \"funding\": \"credit\", \"mandate\": null, \"network\": \"visa\", \"exp_year\": 2026, \"exp_month\": 12, \"fingerprint\": \"XPvMNbEcdXe7TopK\", \"overcapture\": {\"status\": \"unavailable\", \"maximum_amount_capturable\": 10000}, \"installments\": null, \"multicapture\": {\"status\": \"unavailable\"}, \"network_token\": {\"used\": false}, \"three_d_secure\": null, \"regulated_status\": \"unregulated\", \"amount_authorized\": 10000, \"authorization_code\": \"804649\", \"extended_authorization\": {\"status\": \"disabled\"}, \"network_transaction_id\": \"888011877789869\", \"incremental_authorization\": {\"status\": \"unavailable\"}}, \"type\": \"card\"}, \"failure_balance_transaction\": null, \"statement_descriptor_suffix\": null, \"calculated_statement_descriptor\": \"Stripe\"}', '2025-12-08 10:00:35', '2025-12-08 10:00:35', '2025-12-08 10:00:35');
INSERT INTO `payments` (`id`, `patient_id`, `appointment_id`, `stripe_charge_id`, `stripe_token`, `amount`, `currency`, `status`, `description`, `card_details`, `stripe_response`, `processed_at`, `created_at`, `updated_at`) VALUES
(27, 14, 49, 'ch_3Sc5yKEDgirLUlQB1TA7dxdr', 'tok_visa', 100.00, 'usd', 'succeeded', 'Appointment payment', '{\"name\": \"Anas Nazir\", \"exp_year\": \"29\", \"exp_month\": \"12\", \"number_last4\": \"1111\"}', '{\"id\": \"ch_3Sc5yKEDgirLUlQB1TA7dxdr\", \"paid\": true, \"order\": null, \"amount\": 10000, \"object\": \"charge\", \"review\": null, \"source\": {\"id\": \"card_1Sc5yKEDgirLUlQBljKhkpw5\", \"name\": null, \"brand\": \"Visa\", \"email\": null, \"last4\": \"4242\", \"phone\": null, \"object\": \"card\", \"wallet\": null, \"country\": \"US\", \"funding\": \"credit\", \"customer\": null, \"exp_year\": 2026, \"metadata\": [], \"cvc_check\": \"pass\", \"exp_month\": 12, \"address_zip\": null, \"fingerprint\": \"XPvMNbEcdXe7TopK\", \"address_city\": null, \"address_line1\": null, \"address_line2\": null, \"address_state\": null, \"dynamic_last4\": null, \"address_country\": null, \"allow_redisplay\": \"unspecified\", \"regulated_status\": \"unregulated\", \"address_zip_check\": null, \"address_line1_check\": null, \"tokenization_method\": null}, \"status\": \"succeeded\", \"created\": 1765206212, \"dispute\": null, \"outcome\": {\"type\": \"authorized\", \"reason\": null, \"risk_level\": \"normal\", \"risk_score\": 28, \"advice_code\": null, \"network_status\": \"approved_by_network\", \"seller_message\": \"Payment complete.\", \"network_advice_code\": null, \"network_decline_code\": null}, \"captured\": true, \"currency\": \"usd\", \"customer\": null, \"disputed\": false, \"livemode\": false, \"metadata\": [], \"refunded\": false, \"shipping\": null, \"application\": null, \"description\": \"Appointment payment\", \"destination\": null, \"receipt_url\": \"https://pay.stripe.com/receipts/payment/CAcaFwoVYWNjdF8xU1BmZG1FRGdpckxVbFFCKMXR28kGMgbHfJid44Q6LBYnpRl5ZdlS3IJtcG2aTb-SDHism9WAlJ8t0VamUvyd00WKISH-y-1MR_He\", \"failure_code\": null, \"on_behalf_of\": null, \"fraud_details\": [], \"receipt_email\": null, \"transfer_data\": null, \"payment_intent\": null, \"payment_method\": \"card_1Sc5yKEDgirLUlQBljKhkpw5\", \"receipt_number\": null, \"transfer_group\": null, \"amount_captured\": 10000, \"amount_refunded\": 0, \"application_fee\": null, \"billing_details\": {\"name\": null, \"email\": null, \"phone\": null, \"tax_id\": null, \"address\": {\"city\": null, \"line1\": null, \"line2\": null, \"state\": null, \"country\": null, \"postal_code\": null}}, \"failure_message\": null, \"source_transfer\": null, \"balance_transaction\": \"txn_3Sc5yKEDgirLUlQB1yrkAzEe\", \"statement_descriptor\": null, \"application_fee_amount\": null, \"payment_method_details\": {\"card\": {\"brand\": \"visa\", \"last4\": \"4242\", \"checks\": {\"cvc_check\": \"pass\", \"address_line1_check\": null, \"address_postal_code_check\": null}, \"wallet\": null, \"country\": \"US\", \"funding\": \"credit\", \"mandate\": null, \"network\": \"visa\", \"exp_year\": 2026, \"exp_month\": 12, \"fingerprint\": \"XPvMNbEcdXe7TopK\", \"overcapture\": {\"status\": \"unavailable\", \"maximum_amount_capturable\": 10000}, \"installments\": null, \"multicapture\": {\"status\": \"unavailable\"}, \"network_token\": {\"used\": false}, \"three_d_secure\": null, \"regulated_status\": \"unregulated\", \"amount_authorized\": 10000, \"authorization_code\": \"069799\", \"extended_authorization\": {\"status\": \"disabled\"}, \"network_transaction_id\": \"888011877789869\", \"incremental_authorization\": {\"status\": \"unavailable\"}}, \"type\": \"card\"}, \"failure_balance_transaction\": null, \"statement_descriptor_suffix\": null, \"calculated_statement_descriptor\": \"Stripe\"}', '2025-12-08 10:03:35', '2025-12-08 10:03:35', '2025-12-08 10:03:35'),
(28, 14, 50, 'ch_3Sc7XFEDgirLUlQB0TpbUUsp', 'tok_visa', 100.00, 'usd', 'succeeded', 'Appointment payment', '{\"name\": \"Test User\", \"exp_year\": \"30\", \"exp_month\": \"01\", \"number_last4\": \"1111\"}', '{\"id\": \"ch_3Sc7XFEDgirLUlQB0TpbUUsp\", \"paid\": true, \"order\": null, \"amount\": 10000, \"object\": \"charge\", \"review\": null, \"source\": {\"id\": \"card_1Sc7XFEDgirLUlQBc7oFqQzv\", \"name\": null, \"brand\": \"Visa\", \"email\": null, \"last4\": \"4242\", \"phone\": null, \"object\": \"card\", \"wallet\": null, \"country\": \"US\", \"funding\": \"credit\", \"customer\": null, \"exp_year\": 2026, \"metadata\": [], \"cvc_check\": \"pass\", \"exp_month\": 12, \"address_zip\": null, \"fingerprint\": \"XPvMNbEcdXe7TopK\", \"address_city\": null, \"address_line1\": null, \"address_line2\": null, \"address_state\": null, \"dynamic_last4\": null, \"address_country\": null, \"allow_redisplay\": \"unspecified\", \"regulated_status\": \"unregulated\", \"address_zip_check\": null, \"address_line1_check\": null, \"tokenization_method\": null}, \"status\": \"succeeded\", \"created\": 1765212221, \"dispute\": null, \"outcome\": {\"type\": \"authorized\", \"reason\": null, \"risk_level\": \"normal\", \"risk_score\": 28, \"advice_code\": null, \"network_status\": \"approved_by_network\", \"seller_message\": \"Payment complete.\", \"network_advice_code\": null, \"network_decline_code\": null}, \"captured\": true, \"currency\": \"usd\", \"customer\": null, \"disputed\": false, \"livemode\": false, \"metadata\": [], \"refunded\": false, \"shipping\": null, \"application\": null, \"description\": \"Appointment payment\", \"destination\": null, \"receipt_url\": \"https://pay.stripe.com/receipts/payment/CAcaFwoVYWNjdF8xU1BmZG1FRGdpckxVbFFCKL2A3MkGMgbhG2yuMNU6LBaRQfGlED5xC9bqVJtOz-1lr1ItNiqd5quqjZD-91c1tpxgJzYQaFJ_SU5c\", \"failure_code\": null, \"on_behalf_of\": null, \"fraud_details\": [], \"receipt_email\": null, \"transfer_data\": null, \"payment_intent\": null, \"payment_method\": \"card_1Sc7XFEDgirLUlQBc7oFqQzv\", \"receipt_number\": null, \"transfer_group\": null, \"amount_captured\": 10000, \"amount_refunded\": 0, \"application_fee\": null, \"billing_details\": {\"name\": null, \"email\": null, \"phone\": null, \"tax_id\": null, \"address\": {\"city\": null, \"line1\": null, \"line2\": null, \"state\": null, \"country\": null, \"postal_code\": null}}, \"failure_message\": null, \"source_transfer\": null, \"balance_transaction\": \"txn_3Sc7XFEDgirLUlQB0KWVvTUK\", \"statement_descriptor\": null, \"application_fee_amount\": null, \"payment_method_details\": {\"card\": {\"brand\": \"visa\", \"last4\": \"4242\", \"checks\": {\"cvc_check\": \"pass\", \"address_line1_check\": null, \"address_postal_code_check\": null}, \"wallet\": null, \"country\": \"US\", \"funding\": \"credit\", \"mandate\": null, \"network\": \"visa\", \"exp_year\": 2026, \"exp_month\": 12, \"fingerprint\": \"XPvMNbEcdXe7TopK\", \"overcapture\": {\"status\": \"unavailable\", \"maximum_amount_capturable\": 10000}, \"installments\": null, \"multicapture\": {\"status\": \"unavailable\"}, \"network_token\": {\"used\": false}, \"three_d_secure\": null, \"regulated_status\": \"unregulated\", \"amount_authorized\": 10000, \"authorization_code\": \"494104\", \"extended_authorization\": {\"status\": \"disabled\"}, \"network_transaction_id\": \"888011877789869\", \"incremental_authorization\": {\"status\": \"unavailable\"}}, \"type\": \"card\"}, \"failure_balance_transaction\": null, \"statement_descriptor_suffix\": null, \"calculated_statement_descriptor\": \"Stripe\"}', '2025-12-08 11:43:45', '2025-12-08 11:43:45', '2025-12-08 11:43:45'),
(29, 14, 51, 'ch_3ScMVHEDgirLUlQB0nl8TXob', 'tok_visa', 100.00, 'usd', 'succeeded', 'Appointment payment', '{\"name\": \"Anas Nazir\", \"exp_year\": \"29\", \"exp_month\": \"03\", \"number_last4\": \"1111\"}', '{\"id\": \"ch_3ScMVHEDgirLUlQB0nl8TXob\", \"paid\": true, \"order\": null, \"amount\": 10000, \"object\": \"charge\", \"review\": null, \"source\": {\"id\": \"card_1ScMVHEDgirLUlQBfh1oG8NS\", \"name\": null, \"brand\": \"Visa\", \"email\": null, \"last4\": \"4242\", \"phone\": null, \"object\": \"card\", \"wallet\": null, \"country\": \"US\", \"funding\": \"credit\", \"customer\": null, \"exp_year\": 2026, \"metadata\": [], \"cvc_check\": \"pass\", \"exp_month\": 12, \"address_zip\": null, \"fingerprint\": \"XPvMNbEcdXe7TopK\", \"address_city\": null, \"address_line1\": null, \"address_line2\": null, \"address_state\": null, \"dynamic_last4\": null, \"address_country\": null, \"allow_redisplay\": \"unspecified\", \"regulated_status\": \"unregulated\", \"address_zip_check\": null, \"address_line1_check\": null, \"tokenization_method\": null}, \"status\": \"succeeded\", \"created\": 1765269759, \"dispute\": null, \"outcome\": {\"type\": \"authorized\", \"reason\": null, \"risk_level\": \"normal\", \"risk_score\": 21, \"advice_code\": null, \"network_status\": \"approved_by_network\", \"seller_message\": \"Payment complete.\", \"network_advice_code\": null, \"network_decline_code\": null}, \"captured\": true, \"currency\": \"usd\", \"customer\": null, \"disputed\": false, \"livemode\": false, \"metadata\": [], \"refunded\": false, \"shipping\": null, \"application\": null, \"description\": \"Appointment payment\", \"destination\": null, \"receipt_url\": \"https://pay.stripe.com/receipts/payment/CAcaFwoVYWNjdF8xU1BmZG1FRGdpckxVbFFCKP_B38kGMgYQtvFcLtQ6LBach0MBlxeMtFBMdl_DRXm8QsEIPjS8P4wE7QKkSV70SHZZ7EUk8ebTjr81\", \"failure_code\": null, \"on_behalf_of\": null, \"fraud_details\": [], \"receipt_email\": null, \"transfer_data\": null, \"payment_intent\": null, \"payment_method\": \"card_1ScMVHEDgirLUlQBfh1oG8NS\", \"receipt_number\": null, \"transfer_group\": null, \"amount_captured\": 10000, \"amount_refunded\": 0, \"application_fee\": null, \"billing_details\": {\"name\": null, \"email\": null, \"phone\": null, \"tax_id\": null, \"address\": {\"city\": null, \"line1\": null, \"line2\": null, \"state\": null, \"country\": null, \"postal_code\": null}}, \"failure_message\": null, \"source_transfer\": null, \"balance_transaction\": \"txn_3ScMVHEDgirLUlQB0u6E7Xfy\", \"statement_descriptor\": null, \"application_fee_amount\": null, \"payment_method_details\": {\"card\": {\"brand\": \"visa\", \"last4\": \"4242\", \"checks\": {\"cvc_check\": \"pass\", \"address_line1_check\": null, \"address_postal_code_check\": null}, \"wallet\": null, \"country\": \"US\", \"funding\": \"credit\", \"mandate\": null, \"network\": \"visa\", \"exp_year\": 2026, \"exp_month\": 12, \"fingerprint\": \"XPvMNbEcdXe7TopK\", \"overcapture\": {\"status\": \"unavailable\", \"maximum_amount_capturable\": 10000}, \"installments\": null, \"multicapture\": {\"status\": \"unavailable\"}, \"network_token\": {\"used\": false}, \"three_d_secure\": null, \"regulated_status\": \"unregulated\", \"amount_authorized\": 10000, \"authorization_code\": \"574566\", \"extended_authorization\": {\"status\": \"disabled\"}, \"network_transaction_id\": \"888011877789869\", \"incremental_authorization\": {\"status\": \"unavailable\"}}, \"type\": \"card\"}, \"failure_balance_transaction\": null, \"statement_descriptor_suffix\": null, \"calculated_statement_descriptor\": \"Stripe\"}', '2025-12-09 03:42:43', '2025-12-09 03:42:43', '2025-12-09 03:42:43');

-- --------------------------------------------------------

--
-- Table structure for table `personal_access_tokens`
--

DROP TABLE IF EXISTS `personal_access_tokens`;
CREATE TABLE IF NOT EXISTS `personal_access_tokens` (
  `id` bigint UNSIGNED NOT NULL AUTO_INCREMENT,
  `tokenable_type` varchar(191) COLLATE utf8mb4_unicode_ci NOT NULL,
  `tokenable_id` bigint UNSIGNED NOT NULL,
  `name` varchar(191) COLLATE utf8mb4_unicode_ci NOT NULL,
  `token` varchar(64) COLLATE utf8mb4_unicode_ci NOT NULL,
  `abilities` text COLLATE utf8mb4_unicode_ci,
  `last_used_at` timestamp NULL DEFAULT NULL,
  `created_at` timestamp NULL DEFAULT NULL,
  `updated_at` timestamp NULL DEFAULT NULL,
  PRIMARY KEY (`id`),
  UNIQUE KEY `personal_access_tokens_token_unique` (`token`),
  KEY `personal_access_tokens_tokenable_type_tokenable_id_index` (`tokenable_type`,`tokenable_id`)
) ENGINE=MyISAM DEFAULT CHARSET=utf8mb4 COLLATE=utf8mb4_unicode_ci;

-- --------------------------------------------------------

--
-- Table structure for table `roles`
--

DROP TABLE IF EXISTS `roles`;
CREATE TABLE IF NOT EXISTS `roles` (
  `id` bigint UNSIGNED NOT NULL AUTO_INCREMENT,
  `name` varchar(191) COLLATE utf8mb4_unicode_ci NOT NULL,
  `created_at` timestamp NULL DEFAULT NULL,
  `updated_at` timestamp NULL DEFAULT NULL,
  PRIMARY KEY (`id`)
) ENGINE=MyISAM AUTO_INCREMENT=7 DEFAULT CHARSET=utf8mb4 COLLATE=utf8mb4_unicode_ci;

--
-- Dumping data for table `roles`
--

INSERT INTO `roles` (`id`, `name`, `created_at`, `updated_at`) VALUES
(1, 'Admin', NULL, NULL),
(2, 'User', NULL, NULL),
(3, 'Receptionist', NULL, NULL),
(4, 'Clerk', NULL, NULL),
(5, 'Doctor', NULL, NULL),
(6, 'Nurse', NULL, NULL);

-- --------------------------------------------------------

--
-- Table structure for table `tasks`
--

DROP TABLE IF EXISTS `tasks`;
CREATE TABLE IF NOT EXISTS `tasks` (
  `id` bigint UNSIGNED NOT NULL AUTO_INCREMENT,
  `title` varchar(191) COLLATE utf8mb4_unicode_ci NOT NULL,
  `description` text COLLATE utf8mb4_unicode_ci,
  `user_id` bigint UNSIGNED DEFAULT NULL,
  `assigned_by` bigint UNSIGNED DEFAULT NULL,
  `created_at` timestamp NULL DEFAULT NULL,
  `updated_at` timestamp NULL DEFAULT NULL,
  `status` enum('Pending','Done','Resolve') COLLATE utf8mb4_unicode_ci NOT NULL DEFAULT 'Pending',
  PRIMARY KEY (`id`)
) ENGINE=MyISAM DEFAULT CHARSET=utf8mb4 COLLATE=utf8mb4_unicode_ci;

-- --------------------------------------------------------

--
-- Table structure for table `users`
--

DROP TABLE IF EXISTS `users`;
CREATE TABLE IF NOT EXISTS `users` (
  `id` bigint UNSIGNED NOT NULL AUTO_INCREMENT,
  `name` varchar(191) COLLATE utf8mb4_unicode_ci NOT NULL,
  `email` varchar(191) COLLATE utf8mb4_unicode_ci NOT NULL,
  `password` varchar(191) COLLATE utf8mb4_unicode_ci NOT NULL,
  `created_at` timestamp NULL DEFAULT NULL,
  `updated_at` timestamp NULL DEFAULT NULL,
  `role_id` bigint UNSIGNED NOT NULL,
  `verification_token` varchar(191) COLLATE utf8mb4_unicode_ci DEFAULT NULL,
  `email_verified_at` timestamp NULL DEFAULT NULL,
  `email_status` varchar(191) COLLATE utf8mb4_unicode_ci DEFAULT 'Unverified',
  `status` enum('active','inactive') COLLATE utf8mb4_unicode_ci NOT NULL DEFAULT 'active',
  PRIMARY KEY (`id`),
  UNIQUE KEY `users_email_unique` (`email`),
  KEY `users_role_id_foreign` (`role_id`)
) ENGINE=MyISAM AUTO_INCREMENT=8 DEFAULT CHARSET=utf8mb4 COLLATE=utf8mb4_unicode_ci;

--
-- Dumping data for table `users`
--

INSERT INTO `users` (`id`, `name`, `email`, `password`, `created_at`, `updated_at`, `role_id`, `verification_token`, `email_verified_at`, `email_status`, `status`) VALUES
(1, 'Test Admin', 'admin@example.com', '$2y$10$m71IEpHEwr4btfArtSChLedfHU6JkYGdLKOhbTGK2QS0u59k3O57a', '2025-10-22 03:09:07', '2025-10-22 03:09:07', 1, NULL, NULL, 'Verified', 'active'),
(2, 'Anas nazir', 'anasgoraya99@gmail.com', '$2y$10$baaViUzy2Quyxz7CZgJm9ueZPwJuZaCsauFMxEEQYjZaoo3FdVyMy', '2025-10-22 03:14:47', '2025-10-22 03:15:12', 1, NULL, '2025-10-22 03:15:12', 'Verified', 'active'),
(3, 'twopoint', 'twopoint2003@gmail.com', '$2y$10$57Y.uuHtb9btw29p/jtYRumgRdnTXmCqKbtNwDKCAOdWr96wfnLmy', '2025-10-22 03:16:23', '2025-10-22 03:16:39', 5, NULL, '2025-10-22 03:16:39', 'Verified', 'active'),
(4, 'Docor', 'twopoint2003+1@gmail.com', '$2y$10$f3LOf81OPQQsA2oUvw8W0uzLssqoZzF7sWYGYdvqP6w5Y20kM/vlK', '2025-10-22 03:18:08', '2025-10-22 03:19:02', 5, NULL, '2025-10-22 03:18:22', 'Verified', 'active'),
(5, 'Nurse', 'twopoint2003+2@gmail.com', '$2y$10$VZdir/DEMwYrQextwPNV1eVh2O2U0ex/hOvB5wITmODgirS2NWm.a', '2025-10-22 03:19:28', '2025-10-22 03:19:55', 6, NULL, '2025-10-22 03:19:55', 'Verified', 'active'),
(6, 'Receptionist', 'twopoint2003+3@gmail.com', '$2y$10$WWl5bBoiFNI8xWSfcwFSiOKv9HRQcTFDWtMJEdIQsgChvefM8DXbO', '2025-10-22 03:20:21', '2025-10-22 03:20:36', 3, NULL, '2025-10-22 03:20:36', 'Verified', 'active'),
(7, 'Ali', 'twopoint2003+4@gmail.com', '$2y$10$qgJDxHJXLI6EWtSs3ND/0OuJazdpj718ORJVxnSwZKYlYXLPIMGPa', '2025-10-22 08:17:00', '2025-10-22 08:17:50', 5, NULL, '2025-10-22 08:17:50', 'Verified', 'active');
COMMIT;

/*!40101 SET CHARACTER_SET_CLIENT=@OLD_CHARACTER_SET_CLIENT */;
/*!40101 SET CHARACTER_SET_RESULTS=@OLD_CHARACTER_SET_RESULTS */;
/*!40101 SET COLLATION_CONNECTION=@OLD_COLLATION_CONNECTION */;
